YEAR,PLAYER,POS,HGT,WGT,BMI,BF,WNGSPN,STNDRCH,STNDVERT,LPVERT,LANE,SPRINT,BENCH,BAR,PBHGT,PDHGT,Unnamed: 0,gp,min,pts,fgm,fga,fg,3p_made,3pa,3p,ftm,fta,ft,oreb,dreb,reb,ast,stl,blk,tov,target_5yrs
2018.0,"Trent, Gary",SG,76.25,204.2,24.7,0.07,80.75,98.0,33.5,39.5,11.37,3.12,12.0,105.9%,131.5,137.5,1204.0,69.0,17.7,7.5,3.2,6.2,51.3,0.0,0.1,0.0,1.1,2.0,55.3,1.2,2.2,3.4,0.7,0.4,0.2,1.3,1.0
2016.0,"Brogdon, Malcolm",SG,75.75,223.0,27.3,0.054,82.5,98.0,30.5,35.5,10.77,3.31,7.8,108.9%,128.5,133.5,884.0,32.0,22.9,8.3,3.2,6.9,46.2,0.9,2.1,44.1,0.9,1.1,85.7,0.4,2.1,2.5,3.6,1.0,0.1,1.5,0.0
2016.0,"Brown, Jaylen",SG-SF,77.25,222.8,26.2,0.051,83.75,102.5,29.6,36.1,11.024,3.2439999999999998,9.4,108.4%,132.7,139.2,643.0,34.0,13.4,4.9,1.9,4.4,44.6,0.4,1.1,31.6,0.7,1.1,63.2,0.6,1.2,1.8,0.6,0.3,0.3,0.6,0.0
2016.0,"Chriss, Marquese",PF,80.75,233.0,25.1,0.085,84.25,105.0,32.5,38.5,11.93,3.26,12.8,104.3%,137.5,143.5,332.0,34.0,17.1,7.0,2.7,6.3,42.7,0.6,2.1,31.0,1.0,1.7,59.6,1.1,2.2,3.3,0.5,0.5,0.5,1.2,0.0
2016.0,"Dunn, Kris",PG,75.0,0.0,0.0,0.0622,81.5,100.0,31.7,38.2,10.916,3.2439999999999998,9.2,108.7%,129.3,135.8,436.0,33.0,16.9,4.1,1.5,4.1,37.3,0.3,0.9,29.0,0.8,1.2,62.5,0.4,1.9,2.2,2.4,1.0,0.3,1.2,0.0
2016.0,"Felder, Kay",PG,68.25,177.2,26.7,0.058,74.5,88.5,35.5,44.0,11.52,3.15,11.0,109.2%,124.0,132.5,679.0,15.0,11.0,5.4,1.8,4.1,43.5,0.3,0.6,44.4,1.5,2.0,76.7,0.1,1.1,1.3,1.9,0.4,0.2,0.7,0.0
2016.0,"Finney-Smith, Dorian",SF,78.5,212.6,24.3,0.065,83.75,105.5,32.5,35.5,11.01,3.27,9.4,106.7%,138.0,141.0,963.0,33.0,22.8,5.2,1.9,4.6,40.5,0.9,2.8,32.3,0.6,0.8,76.0,0.7,2.2,2.8,1.0,0.6,0.3,0.7,0.0
2016.0,"LeVert, Caris",SG,77.75,191.0,22.2,0.076,82.0,101.0,29.5,35.8,11.15,3.2659999999999996,4.0,105.5%,128.8,135.1,596.0,12.0,15.5,4.7,1.6,4.4,35.8,0.8,2.6,32.3,0.7,1.0,66.7,0.3,2.3,2.6,1.3,0.9,0.2,0.6,0.0
2016.0,"McCaw, Patrick",PG-SG,77.25,180.8,21.3,0.047,82.0,100.5,30.0,38.0,11.01,3.3,11.2,106.1%,130.5,138.5,661.0,26.0,12.2,2.8,1.1,2.8,38.9,0.6,1.5,37.5,0.1,0.2,50.0,0.3,0.8,1.0,1.0,0.4,0.3,0.6,0.0
2016.0,"Valentine, Denzel",SG-SF,76.0,210.4,25.6,0.092,82.75,102.0,27.0,32.0,10.51,3.46,10.0,108.9%,129.0,134.0,700.0,22.0,10.6,2.5,0.8,3.0,27.7,0.5,1.9,26.2,0.3,0.4,87.5,0.0,1.6,1.6,0.5,0.3,0.1,0.4,0.0
2016.0,"Whitehead, Isaiah",PG-SG,75.25,210.0,26.1,0.093,80.75,100.0,27.5,35.5,11.65,3.34,6.0,107.3%,127.5,135.5,1051.0,25.0,22.6,6.7,2.6,6.4,41.3,0.5,1.8,28.3,0.9,1.2,76.7,0.2,2.0,2.2,3.0,0.7,0.5,2.2,0.0
2016.0,"Williams, Troy",SF,77.75,217.8,25.3,0.1,80.25,102.0,30.0,36.0,10.72,3.35,9.8,103.2%,132.0,138.0,227.0,24.0,17.4,5.3,2.1,5.1,41.8,0.4,1.7,24.4,0.6,1.0,60.0,0.3,1.6,1.8,0.8,1.0,0.4,1.1,0.0
2015.0,"Anderson, Justin",SF-SG,77.25,230.6,27.2,0.05,83.75,101.0,38.0,43.0,11.13,3.22,12.0,108.4%,139.0,144.0,998.0,55.0,11.8,3.8,1.3,3.2,40.6,0.4,1.5,26.5,0.8,1.0,80.0,0.3,2.1,2.4,0.5,0.3,0.5,0.4,0.0
2015.0,"Booker, Devin",SG,76.5,205.8,24.7,0.083,80.25,102.5,27.5,34.5,10.27,3.28,8.0,104.9%,130.0,137.0,772.0,76.0,27.7,13.8,4.8,11.4,42.3,1.3,3.8,34.3,2.8,3.4,84.0,0.4,2.1,2.5,2.6,0.6,0.3,2.1,0.0
2015.0,"Brown, Anthony",SF-SG,77.75,211.0,24.5,0.061,83.0,104.5,27.5,34.5,10.94,3.18,4.0,106.8%,132.0,139.0,845.0,29.0,20.7,4.0,1.3,4.3,31.0,0.7,2.4,28.6,0.6,0.7,85.0,0.3,2.1,2.4,0.7,0.5,0.2,0.5,0.0
2015.0,"Cauley-Stein, Willie",C,83.25,242.4,24.6,0.063,87.0,111.0,28.1,31.9,11.645999999999999,3.3839999999999995,14.0,104.5%,135.4,139.2,810.0,66.0,21.4,7.0,2.9,5.1,56.3,0.0,0.0,0.0,1.2,1.9,64.8,2.0,3.3,5.3,0.6,0.7,1.0,0.7,0.0
2015.0,"Grant, Jerian",PG,75.25,198.0,24.6,0.056,79.5,100.0,30.4,34.7,11.120000000000001,3.1919999999999997,10.8,105.6%,132.6,136.9,916.0,76.0,16.6,5.6,2.0,5.1,39.4,0.3,1.3,22.0,1.3,1.6,78.0,0.3,1.6,1.9,2.3,0.7,0.1,1.1,0.0
2015.0,"Harrison, Andrew",PG,76.5,213.2,25.6,0.059,81.0,100.0,26.5,33.0,11.2,3.34,9.2,105.9%,126.5,133.0,1.0,35.0,26.9,7.2,2.0,6.7,29.6,0.7,2.8,23.5,2.6,3.4,76.5,0.5,2.0,2.4,3.7,1.1,0.5,1.6,0.0
2015.0,"Hollis-Jefferson, Rondae",SF,77.5,210.8,24.7,0.05,86.0,104.0,32.0,38.0,10.41,3.12,13.0,111.0%,136.0,142.0,827.0,29.0,21.2,5.8,2.2,4.8,45.7,0.1,0.5,28.6,1.3,1.8,71.2,1.3,4.0,5.3,1.5,1.3,0.6,0.9,0.0
2015.0,"Holmes, Richaun",PF,80.25,242.8,26.5,0.088,85.5,108.0,32.5,36.0,11.24,3.32,15.0,106.5%,140.5,144.0,981.0,51.0,13.8,5.6,2.2,4.4,51.4,0.2,0.9,18.2,1.0,1.5,68.9,1.2,1.4,2.6,0.6,0.4,0.8,0.6,0.0
2015.0,"Johnson, Stanley",SF,77.0,241.8,28.7,0.075,83.5,102.0,31.2,35.5,11.624,3.35,12.8,108.4%,136.2,140.5,781.0,73.0,23.1,8.1,3.1,8.2,37.5,0.9,2.8,30.7,1.1,1.4,78.4,0.8,3.4,4.2,1.6,0.8,0.2,1.6,0.0
2015.0,"Jones, Tyus",PG,72.5,184.6,24.7,0.065,77.0,97.0,26.5,32.5,11.84,3.32,2.0,106.2%,123.5,129.5,931.0,37.0,15.5,4.2,1.5,4.2,35.9,0.4,1.4,30.2,0.8,1.1,71.8,0.2,1.1,1.3,2.9,0.8,0.1,0.9,0.0
2015.0,"Kaminsky, Frank",C-PF,83.75,231.2,23.2,0.094,83.0,109.5,30.8,35.8,10.876,3.2399999999999998,12.4,99.1%,136.3,141.3,835.0,81.0,21.1,7.5,2.7,6.5,41.0,0.8,2.5,33.7,1.3,1.8,73.0,0.9,3.3,4.1,1.2,0.5,0.5,0.7,0.0
2015.0,"Martin, Jarell",PF,80.0,238.6,26.2,0.101,81.0,106.5,28.5,35.0,11.2,3.27,19.0,101.3%,135.0,141.5,972.0,27.0,14.1,5.7,2.0,4.3,46.6,0.0,0.1,0.0,1.7,2.3,72.6,1.4,1.7,3.2,0.6,0.3,0.3,0.7,0.0
2015.0,"McConnell, TJ",PG,72.5,187.8,25.1,0.073,74.0,96.5,26.0,31.5,10.95,3.3,7.0,102.1%,122.5,128.0,865.0,81.0,19.8,6.1,2.7,5.7,47.0,0.4,1.1,34.8,0.3,0.5,63.4,0.5,2.6,3.1,4.5,1.2,0.1,1.7,0.0
2015.0,"McCullough, Chris",PF,80.25,199.0,21.7,0.062,87.25,109.0,31.4,35.6,11.154,3.2700000000000005,11.0,108.7%,131.9,136.1,940.0,24.0,15.1,4.7,1.8,4.5,40.4,0.5,1.4,38.2,0.5,1.0,47.8,1.0,1.8,2.8,0.4,1.2,0.5,0.6,0.0
2015.0,"Nance, Larry",PF,79.5,226.6,25.2,0.064,85.5,108.0,29.0,37.5,10.93,3.25,10.0,107.5%,137.0,145.5,517.0,80.0,14.8,6.6,2.8,5.5,52.1,0.0,0.0,0.0,0.9,1.5,64.1,1.2,2.0,3.2,1.0,0.5,0.9,1.3,1.0
2015.0,"Oubre, Kelly",SF-SG,77.75,202.8,23.6,0.057,86.25,102.5,34.5,37.0,11.09,3.32,7.0,110.9%,137.0,139.5,1036.0,63.0,10.7,3.7,1.4,3.3,42.7,0.4,1.3,31.6,0.5,0.8,63.3,0.4,1.7,2.1,0.2,0.3,0.1,0.5,0.0
2015.0,"Payne, Cameron",PG,72.75,182.8,24.3,0.063,79.25,97.5,29.8,35.5,10.9,3.28,0.0,108.9%,127.3,133.0,991.0,57.0,12.2,5.0,2.0,4.9,41.0,0.6,1.9,32.4,0.3,0.4,79.2,0.2,1.3,1.5,1.9,0.6,0.1,0.8,0.0
2015.0,"Portis, Bobby",PF,81.5,246.2,26.1,0.089,86.0,108.5,25.0,31.5,11.78,3.56,5.0,105.5%,133.5,140.0,898.0,62.0,17.8,7.0,3.0,7.0,42.7,0.3,0.8,30.8,0.8,1.1,72.7,2.0,3.5,5.4,0.8,0.4,0.3,0.9,0.0
2015.0,"Powell, Norman",SG,75.0,215.4,26.9,0.064,82.75,102.5,32.5,40.5,10.69,3.2,5.0,110.3%,135.0,143.0,946.0,49.0,14.8,5.6,2.0,4.7,42.4,0.7,1.8,40.4,0.9,1.1,81.1,0.3,1.9,2.3,1.0,0.6,0.2,0.7,0.0
2015.0,"Russell, D?Angelo",PG-SG,75.25,193.4,24.0,0.083,81.75,102.0,31.4,37.3,11.284,3.164,5.8,108.6%,132.9,138.8,764.0,80.0,28.2,13.2,4.9,12.0,41.0,1.6,4.6,35.1,1.8,2.4,73.7,0.6,2.8,3.4,3.3,1.2,0.2,2.5,0.0
2015.0,"Thornton, Marcus",PG-SG,73.75,177.4,22.9,0.053,79.75,97.5,34.5,43.0,10.78,3.02,3.0,108.1%,132.0,140.5,704.0,73.0,25.6,14.5,5.5,12.1,45.1,1.6,4.3,37.4,2.0,2.4,81.4,1.0,1.9,2.9,1.6,0.8,0.1,1.0,1.0
2015.0,"Turner, Myles",C-PF,81.75,238.6,25.1,0.093,88.0,112.0,30.7,34.8,11.59,3.412,13.4,107.6%,136.2,140.3,790.0,60.0,22.8,10.3,4.4,8.8,49.8,0.1,0.2,21.4,1.5,2.0,72.7,1.1,4.4,5.5,0.7,0.4,1.4,1.1,0.0
2015.0,"Vaughn, Rashad",SG,75.75,198.6,24.3,0.062,79.0,101.0,28.0,34.0,11.4,3.21,5.0,104.3%,129.0,135.0,964.0,70.0,14.3,3.1,1.2,3.8,30.5,0.6,2.1,29.3,0.2,0.2,80.0,0.2,1.1,1.3,0.6,0.4,0.2,0.4,0.0
2015.0,"Winslow, Justise",SF,76.5,221.8,26.6,0.053,82.25,104.5,31.3,35.6,11.476,3.2079999999999997,12.6,107.5%,135.4,139.7,747.0,78.0,28.6,6.4,2.5,5.9,42.2,0.4,1.5,27.6,1.0,1.5,68.4,1.0,4.1,5.2,1.5,0.9,0.3,1.2,0.0
2014.0,"Anderson, Kyle",SF,79.5,230.1,25.6,0.134,86.75,107.5,31.6,38.2,11.628,3.308,9.2,109.1%,135.6,142.2,98.0,33.0,10.8,2.2,0.9,2.7,34.8,0.1,0.3,27.3,0.3,0.4,64.3,0.2,2.0,2.2,0.8,0.5,0.2,0.3,0.0
2014.0,"Brown, Markel",SG,74.5,184.4,23.4,0.042,80.75,100.0,36.5,43.5,12.62,3.18,9.4,108.4%,136.5,143.5,1289.0,47.0,16.6,4.6,1.6,4.5,36.2,0.4,1.4,26.6,1.0,1.2,82.5,0.3,1.9,2.3,0.8,0.7,0.3,0.6,0.0
2014.0,"Christon, Semaj",PG,73.5,186.0,24.2,0.053,78.5,99.0,30.5,36.5,11.55,3.32,4.8,106.8%,129.5,135.5,587.0,33.0,15.6,3.0,1.3,4.0,31.8,0.2,1.1,16.7,0.3,0.5,52.9,0.4,1.0,1.4,2.5,0.4,0.1,0.7,0.0
2014.0,"Clarkson, Jordan",PG,75.25,186.3,23.1,0.043,80.0,98.0,33.0,38.5,10.76,3.28,6.0,106.3%,131.0,136.5,1118.0,59.0,25.0,11.9,4.5,10.1,44.8,0.6,2.1,31.4,2.2,2.7,82.9,0.9,2.3,3.2,3.5,0.9,0.2,1.6,0.0
2014.0,"Dinwiddie, Spencer",PG,76.5,204.9,24.6,0.054,80.25,103.0,29.8,35.5,11.604000000000001,3.3340000000000005,9.2,104.9%,132.6,138.3,34.0,34.0,13.4,4.3,1.5,5.0,30.2,0.4,1.9,18.5,0.9,1.0,91.2,0.1,1.3,1.4,3.1,0.6,0.2,1.0,0.0
2014.0,"Early, Cleanthony",SF,78.0,209.4,24.2,0.045,82.75,101.5,34.0,40.0,11.15,3.18,10.8,106.1%,135.5,141.5,1299.0,39.0,16.6,5.4,1.9,5.5,35.5,0.6,2.2,26.2,0.9,1.2,75.0,0.6,1.9,2.5,0.9,0.6,0.3,1.0,0.0
2014.0,"Gordon, Aaron",PF,79.5,220.1,24.5,0.051,83.75,105.0,32.5,39.0,10.81,3.27,10.8,105.3%,137.5,144.0,1271.0,47.0,17.0,5.2,2.0,4.4,44.7,0.3,1.0,27.1,0.9,1.3,72.1,1.0,2.6,3.6,0.7,0.5,0.5,0.8,0.0
2014.0,"Grant, Jerami",SF,78.5,214.0,24.4,0.038,86.75,107.0,31.9,38.3,11.462,3.198,8.2,110.5%,131.1,137.5,1185.0,65.0,21.2,6.3,1.9,5.4,35.2,0.8,2.4,31.4,1.8,3.0,59.1,0.8,2.3,3.0,1.2,0.6,1.1,1.3,0.0
2014.0,"Hairston, P.J.",SG,76.25,228.8,27.7,0.082,81.0,101.0,32.0,37.0,11.12,3.32,9.2,106.2%,133.0,138.0,13.0,45.0,15.3,5.6,1.9,6.0,32.3,1.1,3.6,30.1,0.7,0.8,86.1,0.5,1.6,2.0,0.5,0.5,0.3,0.5,0.0
2014.0,"Harris, Gary",SG,74.5,204.8,25.9,0.046,78.75,96.0,29.8,36.1,11.276,3.312,9.2,105.7%,131.9,138.2,64.0,55.0,13.1,3.4,1.2,3.9,30.4,0.4,1.9,20.4,0.6,0.9,74.5,0.4,0.8,1.2,0.5,0.7,0.1,0.7,0.0
2014.0,"Hood, Rodney",SF,79.25,208.2,23.3,0.075,80.5,103.0,29.0,36.0,11.21,3.38,9.4,101.6%,132.0,139.0,1175.0,50.0,21.3,8.7,3.1,7.5,41.4,1.2,3.4,36.5,1.2,1.6,76.3,0.2,2.2,2.3,1.7,0.6,0.2,0.9,0.0
2014.0,"Jefferson, Cory",PF,79.75,218.4,24.1,0.053,84.5,105.0,33.0,37.5,12.63,3.36,9.2,106.0%,138.0,142.5,131.0,50.0,10.6,3.7,1.5,3.3,44.9,0.0,0.3,13.3,0.6,1.1,57.4,0.9,2.0,2.9,0.3,0.2,0.4,0.4,0.0
2014.0,"LaVine, Zach",PG,76.5,180.9,21.7,0.047,80.25,100.0,33.5,41.5,10.42,3.19,6.0,104.9%,133.5,141.5,1129.0,77.0,24.7,10.1,3.7,8.8,42.2,0.7,2.2,34.1,1.9,2.3,84.2,0.4,2.4,2.8,3.6,0.7,0.1,2.5,0.0
2014.0,"McDaniels, K.J.",SF,76.5,195.6,23.5,0.045,83.25,102.0,33.0,37.0,12.71,3.1,9.4,108.8%,135.0,139.0,1166.0,62.0,21.8,7.9,2.8,7.0,39.6,0.7,2.4,28.7,1.6,2.1,75.2,1.0,2.2,3.2,1.2,0.7,1.1,1.7,0.0
2014.0,"Napier, Shabazz",PG,71.0,175.2,24.4,0.074,75.25,93.0,30.5,37.5,11.6,3.2,9.4,106.0%,123.5,130.5,1212.0,51.0,19.8,5.1,1.7,4.5,38.2,0.8,2.3,36.4,0.9,1.1,78.6,0.3,1.9,2.2,2.5,0.8,0.1,1.6,0.0
2014.0,"Patterson, Lamar",SG,76.0,226.0,27.5,0.108,83.0,101.0,27.5,32.5,11.63,3.45,10.8,109.2%,128.5,133.5,1015.0,35.0,11.3,2.4,0.8,2.3,35.0,0.3,1.4,24.5,0.5,0.6,72.7,0.1,1.3,1.4,1.1,0.3,0.1,0.7,0.0
2014.0,"Payne, Adreian",PF,81.0,238.5,25.6,0.076,88.0,109.0,32.3,37.4,11.373999999999999,3.228,9.6,108.6%,132.3,137.4,1147.0,32.0,23.1,6.7,2.8,6.9,41.4,0.0,0.3,11.1,0.9,1.4,65.2,1.5,3.6,5.1,0.9,0.6,0.3,1.4,0.0
2014.0,"Payton, Elfrid",PG,74.5,185.4,23.5,0.057,80.0,98.5,31.5,35.5,11.06,3.23,4.8,107.4%,130.0,134.0,1091.0,82.0,30.4,8.9,3.7,8.6,42.5,0.1,0.5,26.2,1.4,2.6,55.1,1.3,3.0,4.3,6.5,1.7,0.2,2.5,0.0
2014.0,"Smart, Marcus",PG,74.0,227.2,29.2,0.106,81.25,99.0,33.0,36.0,10.82,3.26,7.4,109.8%,132.0,135.0,1107.0,67.0,27.0,7.8,2.6,7.1,36.7,1.4,4.1,33.5,1.2,1.9,64.6,0.9,2.4,3.3,3.1,1.5,0.3,1.3,0.0
2014.0,"Vonleh, Noah",PF,80.0,247.1,27.1,0.073,88.25,108.0,31.0,37.0,11.45,3.28,9.2,110.3%,139.0,145.0,141.0,25.0,10.4,3.3,1.2,3.0,39.5,0.2,0.5,38.5,0.7,1.0,69.2,1.1,2.3,3.4,0.2,0.2,0.4,0.4,0.0
2014.0,"Warren, T.J.",SF,79.0,220.2,24.8,0.08,82.25,104.0,27.0,35.5,11.1,3.26,10.8,104.1%,131.0,139.5,1329.0,40.0,15.4,6.1,2.8,5.4,52.8,0.1,0.5,23.8,0.4,0.5,73.7,1.0,1.1,2.1,0.6,0.5,0.2,0.7,0.0
2014.0,"Young, James",SG,77.25,213.3,25.1,0.051,84.0,104.0,28.0,35.5,11.348,3.272,9.2,108.7%,132.0,139.5,119.0,31.0,10.7,3.4,1.2,3.3,35.3,0.5,2.1,25.8,0.5,0.9,55.2,0.3,1.1,1.4,0.4,0.3,0.1,0.2,0.0
2013.0,"Bullock, Reggie",SG-SF,77.75,199.8,23.2,0.07,80.75,102.0,31.0,36.5,11.33,3.31,11.0,103.9%,133.0,138.5,530.0,43.0,9.2,2.7,1.0,2.8,35.5,0.5,1.7,30.1,0.2,0.2,77.8,0.3,1.0,1.3,0.3,0.2,0.0,0.3,0.0
2013.0,"Burke, Trey",PG,71.75,187.0,25.5,0.069,77.5,97.5,29.5,36.5,11.2,3.16,3.0,108.0%,127.0,134.0,172.0,70.0,32.3,12.8,4.9,12.8,38.0,1.6,4.8,33.0,1.5,1.6,90.3,0.5,2.4,3.0,5.7,0.6,0.1,1.9,0.0
2013.0,"Caldwell-Pope, Kentavious",SG,76.5,203.6,24.5,0.065,80.0,100.5,29.0,34.5,10.6,3.12,7.0,104.6%,129.5,135.0,280.0,80.0,19.8,5.9,2.3,5.8,39.6,0.7,2.3,31.9,0.6,0.8,77.0,0.5,1.5,2.0,0.7,0.9,0.1,0.3,0.0
2013.0,"Carter-Williams, Michael",PG,76.75,184.4,22.0,0.044,79.25,101.0,31.5,41.0,10.68,3.22,8.0,103.3%,132.5,142.0,150.0,70.0,34.5,16.7,6.1,15.1,40.5,0.8,3.0,26.4,3.7,5.2,70.3,1.4,4.8,6.2,6.3,1.9,0.6,3.5,0.0
2013.0,"Davies, Brandon",PF,80.5,241.8,26.2,0.086,85.5,108.5,26.0,31.5,11.22,3.5,7.0,106.2%,134.5,140.0,456.0,51.0,11.3,2.8,1.1,2.5,42.2,0.0,0.2,20.0,0.7,1.0,64.2,0.7,1.4,2.1,0.5,0.5,0.2,0.7,0.0
2013.0,"Dedmon, Dewayne",C,82.0,238.8,25.0,0.084,88.0,109.0,28.0,32.5,12.75,3.4,8.0,107.3%,137.0,141.5,415.0,31.0,12.6,3.1,1.2,2.7,45.8,0.0,0.0,0.0,0.7,1.0,65.6,1.2,2.9,4.1,0.2,0.2,0.7,0.6,0.0
2013.0,"Goodwin, Archie",SG,75.75,189.0,23.2,0.046,81.5,102.0,30.0,36.0,10.75,3.27,1.0,107.6%,132.0,138.0,467.0,52.0,10.3,3.7,1.5,3.2,45.5,0.1,0.7,13.9,0.7,1.1,67.3,0.5,1.2,1.7,0.4,0.4,0.2,0.8,0.0
2013.0,"Hill, Solomon",SF,77.5,226.0,26.5,0.076,81.0,103.0,29.5,37.5,10.77,3.19,14.0,104.5%,132.5,140.5,562.0,28.0,8.1,1.7,0.6,1.4,42.5,0.3,0.8,30.4,0.2,0.3,85.7,0.3,1.1,1.5,0.4,0.2,0.1,0.5,0.0
2013.0,"Kelly, Ryan",PF,81.75,228.0,24.0,0.148,83.5,110.0,30.2,36.8,11.156,3.178,10.2,102.1%,131.3,137.9,250.0,59.0,22.2,8.0,2.7,6.3,42.3,0.8,2.4,33.8,1.9,2.3,81.5,0.7,3.0,3.7,1.6,0.5,0.8,0.8,0.0
2013.0,"McCallum, Ray",PG,72.25,191.4,25.8,0.073,75.25,96.5,30.5,40.0,10.82,3.25,5.0,104.2%,127.0,136.5,270.0,45.0,19.9,6.2,2.5,6.7,37.7,0.5,1.3,37.3,0.7,1.0,74.4,0.4,1.4,1.8,2.7,0.5,0.2,0.9,0.0
2013.0,"McCollum, CJ",PG-SG,74.25,197.0,25.1,0.086,78.25,96.5,32.0,38.5,11.02,3.32,13.0,105.4%,128.5,135.0,426.0,38.0,12.5,5.3,1.9,4.7,41.6,0.8,2.1,37.5,0.6,0.9,67.6,0.2,1.1,1.3,0.7,0.4,0.1,0.9,0.0
2013.0,"McLemore, Ben",SG,75.5,189.2,23.3,0.05,79.75,100.5,32.5,42.0,11.87,3.27,6.0,105.6%,133.0,142.5,192.0,82.0,26.7,8.8,3.1,8.3,37.6,1.2,3.6,32.0,1.4,1.7,80.4,0.6,2.2,2.9,1.0,0.6,0.2,1.2,0.0
2013.0,"Muhammad, Shabazz",SF-SG,76.75,221.8,26.5,0.09,83.0,104.5,29.5,37.0,10.99,3.32,10.0,108.1%,134.0,141.5,574.0,37.0,7.8,3.9,1.5,3.4,46.0,0.1,0.3,27.3,0.7,1.1,65.0,0.6,0.8,1.4,0.2,0.2,0.0,0.4,0.0
2013.0,"Noel, Nerlens",C,82.0,206.4,21.6,0.042,87.75,110.0,32.1,36.4,10.931999999999999,3.258,4.8,107.0%,132.4,136.7,1081.0,75.0,30.8,9.9,4.0,8.7,46.2,0.0,0.0,0.0,1.9,3.1,60.9,2.5,5.7,8.1,1.7,1.8,1.9,1.9,0.0
2013.0,"Oladipo, Victor",SG,75.25,213.2,26.5,0.066,81.25,100.5,33.0,42.0,10.69,3.25,15.0,108.0%,133.5,142.5,183.0,80.0,31.1,13.8,4.9,11.7,41.9,0.9,2.8,32.7,3.1,4.0,78.0,0.5,3.6,4.1,4.1,1.6,0.5,3.2,0.0
2013.0,"Plumlee, Mason",C-PF,83.25,238.2,24.2,0.062,83.0,108.0,30.5,36.0,10.89,3.29,14.0,99.7%,138.5,144.0,301.0,70.0,18.2,7.4,2.8,4.3,65.9,0.0,0.0,0.0,1.7,2.8,62.6,1.4,3.0,4.4,0.9,0.7,0.8,1.1,0.0
2013.0,"Porter, Otto",SF,79.5,197.6,22.0,0.067,85.5,105.5,27.0,36.0,11.25,3.4,9.0,107.5%,132.5,141.5,542.0,37.0,8.6,2.1,0.9,2.5,36.3,0.1,0.6,19.0,0.2,0.3,66.7,0.6,1.0,1.5,0.3,0.2,0.0,0.4,0.0
2013.0,"Pressey, Phil",PG,69.5,177.0,25.8,0.047,74.25,92.0,33.0,38.5,10.86,3.13,7.0,106.8%,125.0,130.5,351.0,75.0,15.1,2.8,1.0,3.4,30.8,0.4,1.4,26.4,0.4,0.6,64.4,0.3,1.1,1.4,3.2,0.9,0.1,1.2,0.0
2013.0,"Rice, Glen",SF-SG,76.5,210.8,25.3,0.085,81.25,101.5,33.0,40.5,10.99,3.25,10.0,106.2%,134.5,142.0,126.0,77.0,30.0,13.6,6.1,13.9,43.9,0.2,0.9,24.6,1.2,1.6,73.4,1.3,3.3,4.6,1.8,0.9,0.3,1.5,1.0
2013.0,"Rice, Glen",SF-SG,76.5,210.8,25.3,0.085,81.25,101.5,33.0,40.5,10.99,3.25,10.0,106.2%,134.5,142.0,127.0,77.0,30.0,13.6,6.1,13.9,43.9,0.2,0.9,24.6,1.2,1.6,73.4,1.3,3.3,4.6,1.8,0.9,0.3,1.5,0.0
2013.0,"Roberson, Andre",PF-SF,78.25,205.8,23.6,0.071,83.0,104.5,30.0,36.5,11.36,3.34,10.0,106.1%,134.5,141.0,479.0,40.0,10.0,1.9,0.8,1.7,48.5,0.1,0.3,15.4,0.2,0.3,70.0,0.9,1.5,2.4,0.4,0.5,0.3,0.5,0.0
2013.0,"Siva, Peyton",PG,71.5,180.6,24.8,0.061,75.0,93.0,33.5,41.5,10.59,3.16,15.0,104.9%,126.5,134.5,520.0,24.0,9.3,2.3,0.8,2.4,31.6,0.3,1.0,28.0,0.5,0.6,73.3,0.1,0.5,0.6,1.4,0.4,0.0,0.8,0.0
2013.0,"Snell, Tony",SF-SG,78.0,198.2,22.9,0.049,83.5,105.5,30.0,36.5,11.36,3.25,7.0,107.1%,135.5,142.0,342.0,77.0,16.0,4.5,1.7,4.4,38.4,0.7,2.3,32.0,0.4,0.5,75.6,0.2,1.4,1.6,0.9,0.4,0.2,0.6,0.0
2013.0,"Withey, Jeff",C,82.75,221.8,22.8,0.087,86.0,110.5,26.5,29.0,12.49,3.47,10.0,103.9%,137.0,139.5,447.0,58.0,11.8,3.3,1.2,2.2,53.5,0.0,0.0,0.0,0.9,1.3,71.2,0.8,1.7,2.6,0.4,0.3,0.9,0.3,0.0
2013.0,"Wolters, Nate",PG,75.5,196.4,24.2,0.055,75.75,98.0,30.4,37.1,11.18,3.224,8.0,100.3%,131.8,138.5,238.0,58.0,22.6,7.2,2.9,6.7,43.7,0.3,1.1,29.0,1.0,1.6,65.6,0.6,2.0,2.6,3.2,0.6,0.3,1.0,0.0
2013.0,"Zeller, Cody",C-PF,82.75,230.0,23.6,0.048,82.75,106.0,35.5,37.5,10.82,3.15,17.0,100.0%,141.5,143.5,322.0,82.0,17.3,6.0,2.1,4.9,42.6,0.0,0.0,0.0,1.8,2.4,73.0,1.4,2.9,4.3,1.1,0.5,0.5,1.1,0.0
2012.0,"Barnes, Harrison",SF-SG,79.0,227.8,25.7,0.096,83.25,101.5,38.0,39.5,10.93,3.16,15.0,105.4%,139.5,141.0,594.0,81.0,25.4,9.2,3.4,7.8,43.9,0.6,1.8,35.9,1.8,2.3,75.8,0.7,3.5,4.1,1.2,0.6,0.2,1.3,1.0
2012.0,"Barton, Will",SG-SF,77.0,174.4,20.7,0.041,81.75,102.5,30.0,34.0,12.5,3.6,0.0,106.2%,132.5,136.5,614.0,73.0,12.2,4.0,1.6,4.2,38.2,0.1,0.9,13.8,0.7,0.9,76.9,0.5,1.5,2.0,0.8,0.5,0.1,0.8,1.0
2012.0,"Beal, Bradley",SG,75.25,201.8,25.1,0.06,80.0,100.0,33.0,39.0,10.95,3.28,8.0,106.3%,133.0,139.0,586.0,56.0,31.2,13.9,5.0,12.3,41.0,1.6,4.2,38.6,2.2,2.8,78.6,0.8,3.0,3.8,2.4,0.9,0.5,1.6,1.0
2012.0,"Crowder, Jae",SF,76.75,241.2,28.8,0.09,81.25,99.5,31.0,34.5,11.45,3.37,20.0,105.9%,130.5,134.0,601.0,78.0,17.3,5.0,1.8,4.7,38.4,0.8,2.5,32.8,0.6,0.9,64.4,0.4,1.9,2.4,1.2,0.8,0.2,0.6,1.0
2012.0,"Davis, Anthony",PF-C,81.25,221.8,23.6,0.079,89.5,108.0,29.7,34.4,11.475999999999999,3.306,9.4,110.2%,135.6,140.3,588.0,64.0,28.8,13.5,5.5,10.6,51.6,0.0,0.1,0.0,2.6,3.5,75.1,2.6,5.6,8.2,1.0,1.2,1.8,1.4,1.0
2012.0,"Drummond, Andre",C,81.75,278.6,29.3,0.075,90.25,109.5,31.5,33.5,10.83,3.39,10.0,110.4%,141.0,143.0,597.0,60.0,20.7,7.9,3.5,5.7,60.8,0.0,0.0,50.0,1.0,2.7,37.1,2.8,4.8,7.6,0.5,1.0,1.6,0.9,1.0
2012.0,"English, Kim",SG,76.5,192.0,23.1,0.043,78.5,98.0,29.0,36.5,10.59,3.33,4.8,102.6%,127.0,134.5,619.0,41.0,9.9,2.9,1.0,2.7,37.5,0.3,1.2,28.0,0.5,0.7,72.4,0.2,0.7,0.9,0.6,0.4,0.1,0.5,0.0
2012.0,"Green, Draymond",PF-SF,77.75,235.6,27.4,0.113,85.25,105.0,28.0,33.0,11.01,3.4,9.0,109.6%,133.0,138.0,608.0,79.0,13.4,2.9,1.1,3.3,32.7,0.2,0.8,20.9,0.6,0.7,81.8,0.7,2.6,3.3,0.7,0.5,0.3,0.7,1.0
2012.0,"Harkless, Maurice",SF,79.25,206.6,23.1,0.053,84.0,102.5,32.5,37.0,10.87,3.25,5.0,106.0%,135.0,139.5,592.0,76.0,26.0,8.2,3.4,7.4,46.1,0.4,1.5,27.4,1.0,1.7,57.0,1.6,2.8,4.4,0.7,1.2,0.8,0.9,1.0
2012.0,"Henson, John",PF,81.0,216.0,23.1,0.086,89.0,112.0,25.5,30.0,11.624,3.316,5.0,109.9%,137.5,142.0,610.0,63.0,13.1,6.0,2.6,5.3,48.2,0.0,0.0,0.0,0.9,1.7,53.3,1.8,2.9,4.7,0.5,0.3,0.7,0.8,1.0
2012.0,"Hummel, Robbie",SF,79.25,218.0,24.4,0.094,80.5,102.0,27.5,30.0,11.56,3.41,13.0,101.6%,129.5,132.0,437.0,53.0,12.4,3.4,1.3,3.3,37.9,0.6,1.7,36.0,0.3,0.3,93.8,0.7,1.8,2.5,0.4,0.3,0.0,0.2,0.0
2012.0,"James, Bernard",PF,80.75,229.8,24.8,0.05,87.0,108.5,30.0,32.5,11.84,3.4,6.0,107.7%,138.5,141.0,618.0,46.0,9.9,2.8,1.2,2.2,51.5,0.0,0.0,0.0,0.5,0.9,61.0,1.1,1.7,2.8,0.1,0.3,0.8,0.4,0.0
2012.0,"Jenkins, John",SG,75.25,212.0,26.3,0.071,80.5,98.0,30.5,36.5,11.36,3.37,10.0,107.0%,128.5,134.5,606.0,61.0,14.8,6.1,2.1,4.8,44.6,0.9,2.3,38.4,1.0,1.1,84.3,0.3,1.3,1.5,0.9,0.2,0.2,0.7,1.0
2012.0,"Johnson, Orlando",SG,75.75,223.8,27.4,0.07,83.25,99.0,32.0,39.5,10.98,3.25,13.0,109.9%,131.0,138.5,615.0,51.0,12.1,4.0,1.4,3.5,40.0,0.7,1.8,38.3,0.5,0.6,71.9,0.4,1.8,2.2,0.9,0.2,0.2,0.6,0.0
2012.0,"Kidd-Gilchrist, Michael",SF,77.75,232.8,27.1,0.07,84.0,104.5,32.0,35.5,11.77,3.18,6.0,108.0%,136.5,140.0,593.0,78.0,26.0,9.0,3.6,7.9,45.8,0.0,0.1,22.2,1.8,2.4,74.9,1.7,4.2,5.8,1.5,0.7,0.9,1.3,1.0
2012.0,"Lamb, Doron",SG-PG,75.25,199.4,24.8,0.067,78.75,98.5,29.0,33.5,11.12,3.41,2.0,104.7%,127.5,132.0,613.0,47.0,12.3,3.3,1.3,3.5,36.8,0.3,0.8,37.8,0.4,0.7,58.8,0.2,0.8,1.0,0.7,0.3,0.0,0.6,0.0
2012.0,"Lamb, Jeremy",SG,76.0,179.2,21.8,0.045,83.0,102.0,31.5,38.0,10.98,3.25,5.0,109.2%,133.5,140.0,625.0,23.0,6.4,3.1,1.0,3.0,35.3,0.4,1.3,30.0,0.6,0.6,100.0,0.2,0.6,0.8,0.2,0.1,0.1,0.3,1.0
2012.0,"Leonard, Meyers",C,83.75,249.8,25.0,0.057,87.0,108.0,30.0,32.5,11.34,3.41,19.0,103.9%,138.0,140.5,599.0,69.0,17.5,5.5,2.2,4.0,54.5,0.0,0.1,42.9,1.0,1.3,80.9,1.2,2.5,3.7,0.5,0.2,0.6,0.7,1.0
2012.0,"Lillard, Damian",PG,73.75,188.8,24.4,0.059,79.75,95.5,34.5,39.5,11.15,3.34,13.0,108.1%,130.0,135.0,585.0,82.0,38.6,19.0,6.7,15.7,42.9,2.3,6.1,36.8,3.3,3.9,84.4,0.5,2.6,3.1,6.5,0.9,0.2,3.0,1.0
2012.0,"Marshall, Kendall",PG,75.25,198.4,24.6,0.078,77.5,96.0,31.0,37.0,12.03,3.23,2.6,103.0%,127.0,133.0,607.0,48.0,14.6,3.0,1.2,3.1,37.1,0.5,1.5,31.5,0.2,0.3,57.1,0.1,0.8,0.9,3.0,0.5,0.1,1.2,0.0
2012.0,"Miller, Darius",SF-SG,78.0,233.4,27.0,0.075,81.0,101.0,33.0,37.0,11.34,3.31,14.0,103.8%,134.0,138.0,609.0,52.0,13.3,2.3,0.8,2.1,40.7,0.4,1.1,39.3,0.2,0.2,100.0,0.2,1.3,1.5,0.8,0.3,0.2,0.4,0.0
2012.0,"Moultrie, Arnett",PF,81.5,232.8,24.6,0.077,86.25,106.5,33.5,37.5,11.32,3.22,10.0,105.8%,140.0,144.0,616.0,47.0,11.5,3.7,1.7,2.9,58.2,0.0,0.0,0.0,0.4,0.6,64.3,1.6,1.5,3.1,0.2,0.4,0.2,0.4,0.0
2012.0,"O'Quinn, Kyle",PF,80.5,240.8,26.1,0.08,88.75,106.5,31.5,31.5,11.65,3.53,12.2,110.2%,138.0,138.0,617.0,57.0,11.2,4.1,1.8,3.5,51.3,0.0,0.0,0.0,0.5,0.8,66.7,1.1,2.5,3.7,0.9,0.2,0.5,0.7,1.0
2012.0,"Rivers, Austin",SG-PG,75.5,202.8,25.0,0.062,79.25,96.5,32.5,37.5,11.54,3.32,1.0,105.0%,129.0,134.0,595.0,61.0,23.2,6.2,2.4,6.4,37.2,0.5,1.4,32.6,1.0,1.8,54.6,0.3,1.5,1.8,2.1,0.4,0.1,1.2,1.0
2012.0,"Robinson, Thomas",PF,79.75,244.2,27.0,0.05,87.25,106.0,28.5,35.5,11.96,3.17,15.0,109.4%,134.5,141.5,605.0,70.0,15.1,4.8,2.0,4.6,43.0,0.0,0.0,0.0,0.8,1.6,52.3,1.7,2.8,4.5,0.7,0.6,0.4,1.3,1.0
2012.0,"Ross, Terrence",SG-SF,78.0,196.6,22.7,0.032,79.25,100.5,31.0,37.5,11.78,3.28,2.0,101.6%,131.5,138.0,603.0,73.0,17.0,6.4,2.5,6.3,40.7,0.9,2.7,33.2,0.4,0.6,71.4,0.5,1.5,2.0,0.7,0.6,0.2,0.7,1.0
2012.0,"Scott, Mike",PF,79.25,240.8,27.0,0.106,82.75,104.0,27.0,32.5,11.59,3.44,14.0,104.4%,131.0,136.5,621.0,40.0,9.4,4.6,1.8,3.7,47.6,0.0,0.0,0.0,1.1,1.4,76.8,1.0,1.8,2.8,0.3,0.1,0.1,0.5,1.0
2012.0,"Sullinger, Jared",PF,79.75,268.2,29.6,0.107,85.25,105.5,29.5,31.0,12.77,3.81,9.0,106.9%,135.0,136.5,598.0,45.0,19.8,6.0,2.5,5.0,49.3,0.0,0.1,20.0,1.0,1.4,74.6,2.0,3.8,5.9,0.8,0.5,0.5,0.6,0.0
2012.0,"Taylor, Jeff",SF-SG,78.0,212.8,24.6,0.042,78.25,101.5,33.5,40.0,10.87,3.29,15.0,100.3%,135.0,141.5,460.0,44.0,17.6,3.6,1.5,3.6,40.0,0.0,0.0,0.0,0.7,1.0,65.2,0.6,1.2,1.8,2.5,0.9,0.3,1.4,0.0
2012.0,"Taylor, Jeff",SF-SG,78.0,212.8,24.6,0.042,78.25,101.5,33.5,40.0,10.87,3.29,15.0,100.3%,135.0,141.5,461.0,77.0,19.6,6.1,2.2,5.2,43.1,0.7,2.0,34.4,1.0,1.3,72.8,0.7,1.3,1.9,0.8,0.6,0.2,0.6,0.0
2012.0,"Teague, Marquis",PG,73.0,179.8,23.7,0.063,79.25,96.5,32.5,40.5,10.65,3.19,8.0,108.6%,129.0,137.0,622.0,48.0,8.2,2.1,0.9,2.4,38.1,0.1,0.5,17.4,0.2,0.3,56.3,0.1,0.9,0.9,1.3,0.2,0.1,0.7,0.0
2012.0,"Thompson, Hollis",SF,78.75,206.0,23.4,0.06,81.5,102.5,28.5,36.5,11.72,3.38,6.0,103.5%,131.0,139.0,228.0,77.0,22.6,6.0,2.2,4.8,46.0,0.9,2.2,40.1,0.7,0.9,71.2,0.9,2.3,3.2,0.9,0.7,0.2,0.8,0.0
2012.0,"Waiters, Dion",SG,74.5,221.0,28.0,0.085,79.25,98.0,31.3,36.1,11.245999999999999,3.2399999999999998,9.8,106.4%,133.3,138.1,589.0,61.0,28.8,14.7,5.5,13.4,41.2,1.0,3.3,31.0,2.6,3.5,74.6,0.4,2.1,2.4,3.0,1.0,0.3,2.0,1.0
2012.0,"Wroten, Tony",PG,76.75,203.2,24.3,0.052,81.0,101.0,30.0,35.5,10.75,3.24,0.0,105.5%,131.0,136.5,623.0,35.0,7.8,2.6,0.9,2.5,38.4,0.1,0.5,25.0,0.6,0.8,72.4,0.4,0.4,0.8,1.2,0.2,0.1,0.8,0.0
2012.0,"Zeller, Tyler",PF-C,83.25,247.4,25.1,0.064,84.0,104.5,30.0,34.0,11.13,3.4,16.0,100.9%,134.5,138.5,591.0,77.0,26.4,7.9,3.2,7.3,43.8,0.0,0.1,0.0,1.6,2.0,76.4,2.1,3.6,5.7,1.2,0.5,0.9,1.2,1.0
2011.0,"Brooks, Marshon",SG,76.25,194.6,23.5,0.052,85.0,101.0,34.0,38.5,10.74,3.09,5.0,111.5%,135.0,139.5,627.0,56.0,29.4,12.6,4.9,11.4,42.8,0.8,2.7,31.3,2.0,2.6,76.4,1.3,2.3,3.6,2.3,0.9,0.3,2.1,0.0
2011.0,"Burks, Alec",SG,77.0,192.6,22.8,0.051,82.0,103.5,29.0,36.0,10.96,3.17,5.0,106.5%,132.5,139.5,645.0,59.0,15.9,7.2,2.6,6.1,42.9,0.3,0.8,33.3,1.8,2.4,72.7,1.0,1.3,2.2,0.9,0.5,0.1,0.9,1.0
2011.0,"Butler, Jimmy",SF,78.0,222.2,25.7,0.054,79.5,101.5,32.0,39.0,11.12,3.15,14.0,101.9%,133.5,140.5,664.0,42.0,8.5,2.6,0.8,1.9,40.5,0.0,0.3,18.2,1.0,1.3,76.8,0.5,0.8,1.3,0.3,0.3,0.1,0.3,1.0
2011.0,"Cole, Norris",PG,72.25,174.4,23.5,0.047,74.25,95.5,29.5,38.5,10.07,3.22,11.0,102.8%,125.0,134.0,640.0,65.0,19.4,6.8,2.7,6.9,39.3,0.3,1.2,27.6,1.0,1.3,77.6,0.3,1.1,1.4,2.0,0.7,0.0,1.6,1.0
2011.0,"Faried, Kenneth",PF,78.0,224.6,26.0,0.063,84.0,108.0,30.5,35.0,11.35,3.26,16.0,107.7%,138.5,143.0,635.0,46.0,22.5,10.2,3.9,6.7,58.6,0.0,0.0,0.0,2.4,3.6,66.5,3.1,4.6,7.7,0.8,0.7,1.0,1.2,1.0
2011.0,"Goudelock, Andrew",PG,73.25,197.6,25.9,0.099,76.25,96.5,32.5,37.0,10.33,3.1,4.0,104.1%,129.0,133.5,658.0,40.0,10.5,4.4,1.7,4.4,39.1,0.7,1.9,37.3,0.3,0.3,91.7,0.1,0.7,0.8,0.5,0.1,0.0,0.5,0.0
2011.0,"Hamilton, Jordan",SF,78.75,228.4,25.9,0.098,81.5,104.0,25.0,32.0,11.47,3.3,7.0,103.5%,129.0,136.0,659.0,26.0,9.9,4.4,1.8,4.3,43.2,0.7,1.8,36.2,0.1,0.2,40.0,0.4,2.0,2.4,0.8,0.1,0.1,0.6,1.0
2011.0,"Harris, Tobias",SF-PF,78.5,222.8,25.4,0.084,83.0,103.5,31.5,37.5,10.96,3.17,12.0,105.7%,135.0,141.0,656.0,42.0,11.4,5.0,1.9,4.0,46.7,0.1,0.5,26.1,1.0,1.3,81.5,0.7,1.7,2.4,0.5,0.3,0.2,0.7,1.0
2011.0,"Jenkins, Charles",PG-SG,73.5,216.4,28.2,0.043,79.5,96.5,29.5,34.0,11.68,3.18,16.0,108.2%,126.0,130.5,642.0,51.0,17.5,5.8,2.5,5.7,44.7,0.1,0.4,15.0,0.7,0.8,87.2,0.2,1.2,1.3,3.3,0.7,0.1,1.2,0.0
2011.0,"Johnson, JaJuan",PF,81.0,219.8,23.6,0.075,86.0,107.5,33.5,38.0,11.21,3.14,15.0,106.2%,141.0,145.5,665.0,36.0,8.3,3.2,1.5,3.4,44.6,0.0,0.0,0.0,0.2,0.3,66.7,0.6,1.1,1.6,0.2,0.1,0.4,0.4,0.0
2011.0,"Knight, Brandon",PG,73.5,176.8,23.0,0.042,78.75,98.5,29.0,37.5,10.74,3.07,10.0,107.1%,127.5,136.0,626.0,66.0,32.3,12.8,4.8,11.7,41.5,1.6,4.2,38.0,1.6,2.1,75.9,0.5,2.7,3.2,3.8,0.7,0.1,2.6,1.0
2011.0,"Lee, Malcolm",SG,76.0,198.2,24.1,0.059,81.75,101.5,30.0,35.5,11.2,3.09,17.0,107.6%,131.5,137.0,652.0,19.0,12.8,3.3,1.2,3.1,39.0,0.1,0.5,20.0,0.7,0.9,82.4,0.5,0.9,1.4,1.6,0.4,0.2,0.9,0.0
2011.0,"Leonard, Kawhi",SF,78.0,227.4,26.3,0.054,87.0,106.0,25.5,32.0,11.45,3.15,3.0,111.5%,131.5,138.0,633.0,64.0,24.0,7.9,3.1,6.3,49.3,0.6,1.7,37.6,1.1,1.4,77.3,1.6,3.5,5.1,1.1,1.3,0.4,0.7,1.0
2011.0,"Leuer, Jon",PF,82.0,223.2,23.3,0.054,84.0,105.5,29.5,36.5,10.82,3.36,14.0,102.4%,135.0,142.0,655.0,46.0,12.1,4.7,2.1,4.2,50.8,0.1,0.2,33.3,0.5,0.6,75.0,1.0,1.6,2.6,0.5,0.3,0.4,0.4,1.0
2011.0,"Mack, Shelvin",PG,73.0,209.0,27.6,0.071,79.5,96.5,32.0,39.0,11.23,3.18,17.0,108.9%,128.5,135.5,654.0,64.0,12.2,3.6,1.4,3.4,40.0,0.2,0.7,28.6,0.7,0.9,71.2,0.2,1.3,1.4,2.0,0.4,0.0,0.8,1.0
2011.0,"Moore, E'Twaun",SG,74.5,191.4,24.2,0.076,81.5,99.5,32.0,34.5,11.12,3.31,9.6,109.4%,131.5,134.0,663.0,38.0,8.7,2.9,1.1,3.0,38.1,0.4,1.2,37.8,0.2,0.2,100.0,0.1,0.8,0.9,0.9,0.3,0.1,0.6,1.0
2011.0,"Morris, Markieff",PF,79.75,240.8,26.6,0.102,82.75,106.5,27.0,31.5,11.192,3.4,11.0,103.8%,133.5,138.0,639.0,63.0,19.5,7.4,2.8,6.9,39.9,0.7,2.0,34.7,1.2,1.7,71.7,1.1,3.3,4.4,1.0,0.7,0.7,1.1,1.0
2011.0,"Parsons, Chandler",SF,80.75,221.2,23.8,0.07,81.5,104.5,25.5,31.5,11.05,3.29,4.0,100.9%,130.0,136.0,629.0,63.0,28.6,9.5,3.9,8.7,45.2,1.0,2.8,33.7,0.7,1.2,55.1,1.4,3.3,4.8,2.1,1.2,0.5,1.3,1.0
2011.0,"Shumpert, Iman",PG-SG,76.25,221.8,26.8,0.065,81.5,99.5,36.5,42.0,11.1,3.18,18.0,106.9%,136.0,141.5,628.0,59.0,28.9,9.5,3.6,9.1,40.1,0.8,2.7,30.6,1.5,1.8,79.8,0.7,2.4,3.2,2.8,1.7,0.1,1.9,1.0
2011.0,"Singler, Kyle",SF,79.5,228.0,25.4,0.1,82.1,106.0,23.0,30.0,11.22,3.21,10.0,103.3%,129.0,136.0,590.0,82.0,28.0,8.8,3.4,7.8,42.8,0.9,2.4,35.0,1.2,1.5,80.6,1.3,2.7,4.0,0.9,0.7,0.5,1.2,1.0
2011.0,"Singleton, Chris",SF,79.75,230.2,25.4,0.074,85.0,103.5,30.5,37.5,11.33,3.09,15.0,106.6%,134.0,141.0,636.0,66.0,21.7,4.6,1.8,4.7,37.2,0.7,1.9,34.6,0.5,0.7,68.2,0.7,2.9,3.5,0.7,1.1,0.5,0.6,0.0
2011.0,"Smith, Nolan",PG,73.5,187.6,24.4,0.056,77.5,99.0,28.5,34.0,11.05,3.17,9.0,105.4%,127.5,133.0,653.0,44.0,12.3,3.8,1.5,4.1,37.2,0.3,1.0,28.9,0.5,0.6,71.4,0.4,0.9,1.3,1.4,0.4,0.1,0.9,0.0
2011.0,"Thomas, Isaiah",PG,68.75,186.0,27.7,0.067,73.75,91.5,31.5,40.0,10.49,3.14,13.0,107.3%,123.0,131.5,631.0,65.0,25.5,11.5,3.9,8.8,44.8,1.3,3.4,37.9,2.4,2.8,83.2,0.7,1.8,2.6,4.1,0.8,0.1,1.6,1.0
2011.0,"Thompson, Klay",SG,77.75,205.6,23.9,0.08,81.0,103.5,26.5,31.5,10.99,3.24,5.0,104.2%,130.0,135.0,632.0,66.0,24.4,12.5,4.8,10.9,44.3,1.7,4.1,41.4,1.2,1.4,86.8,0.4,2.1,2.4,2.0,0.7,0.3,1.6,1.0
2011.0,"Tyler, Jeremy",PF-C,81.0,262.4,28.1,0.134,89.0,110.5,28.0,33.5,11.26,3.29,10.0,109.9%,138.5,144.0,651.0,42.0,13.5,4.9,2.1,5.0,42.1,0.0,0.0,0.0,0.7,1.2,55.8,1.3,2.0,3.3,0.4,0.4,0.5,0.9,0.0
2011.0,"Walker, Kemba",PG,71.5,184.0,25.3,0.059,75.5,91.5,32.0,39.5,10.87,3.16,7.0,105.6%,123.5,131.0,630.0,66.0,27.2,12.1,4.3,11.6,36.6,1.0,3.4,30.5,2.5,3.2,78.9,0.5,3.1,3.5,4.4,0.9,0.3,1.8,1.0
2011.0,"Williams, Derrick",PF-SF,79.25,248.4,27.8,0.108,85.5,108.0,29.0,34.5,11.03,3.23,19.0,107.9%,137.0,142.5,637.0,66.0,21.5,8.8,3.1,7.5,41.2,0.6,2.1,26.8,2.1,3.0,69.7,1.2,3.5,4.7,0.6,0.5,0.5,1.2,1.0
2011.0,"Williams, Jordan",PF,79.75,247.2,27.3,0.121,84.25,106.5,25.0,30.5,12.74,3.45,10.0,105.6%,131.5,137.0,648.0,43.0,14.8,4.6,1.8,3.5,50.7,0.0,0.0,0.0,1.0,1.5,65.2,1.5,2.1,3.6,0.3,0.5,0.3,0.5,0.0
2010.0,"Aldrich, Cole",C,81.0,236.0,25.3,0.085,88.75,111.5,23.0,28.0,11.48,3.35,10.0,109.6%,134.5,139.5,693.0,18.0,7.9,1.0,0.4,0.8,53.3,0.0,0.0,0.0,0.1,0.2,50.0,0.7,1.2,1.9,0.2,0.3,0.4,0.4,1.0
2010.0,"Aminu, Al-Farouq",SF,79.25,216.0,24.2,0.082,87.25,108.5,27.0,33.5,11.29,3.3,13.0,110.1%,135.5,142.0,680.0,81.0,17.9,5.6,2.0,5.0,39.4,0.6,1.8,31.5,1.1,1.5,77.3,0.9,2.4,3.3,0.7,0.7,0.3,1.3,1.0
2010.0,"Bledsoe, Eric",PG,72.25,191.6,25.8,0.056,79.5,98.0,29.9,36.8,11.096,3.216,9.0,110.0%,132.9,139.8,675.0,81.0,22.7,6.7,2.5,6.0,42.4,0.4,1.4,27.6,1.2,1.6,74.4,0.8,1.9,2.8,3.6,1.1,0.3,2.4,1.0
2010.0,"Booker, Trevor",PF,78.25,235.8,27.1,0.073,81.75,106.0,31.0,36.0,11.15,3.1,22.0,104.5%,137.0,142.0,685.0,65.0,16.4,5.3,2.1,3.9,54.9,0.0,0.0,0.0,1.0,1.6,67.3,1.5,2.4,3.9,0.5,0.5,0.7,0.6,1.0
2010.0,"Caracter, Derrick",PF,80.25,280.0,30.6,0.128,84.25,107.5,25.0,30.5,12.78,3.61,22.0,105.0%,132.5,138.0,696.0,41.0,5.2,2.0,0.8,1.6,48.5,0.0,0.0,0.0,0.4,0.6,73.9,0.5,0.6,1.0,0.2,0.1,0.2,0.5,0.0
2010.0,"Cousins, DeMarcus",C,81.5,291.8,30.9,0.164,89.75,113.0,23.5,27.5,11.4,3.55,17.6,110.1%,136.5,140.5,669.0,81.0,28.5,14.1,5.3,12.4,43.0,0.0,0.2,16.7,3.4,5.0,68.7,2.7,6.0,8.6,2.5,1.1,0.8,3.3,1.0
2010.0,"Crawford, Jordan",SG,75.0,198.4,24.8,0.049,79.0,101.0,31.5,34.5,11.03,3.37,7.0,105.3%,132.5,135.5,673.0,42.0,24.5,11.7,4.6,11.9,38.4,0.8,3.0,25.8,1.7,2.0,86.9,0.7,1.8,2.5,2.8,0.9,0.1,2.0,0.0
2010.0,"Davis, Ed",PF,81.0,226.6,24.3,0.1,84.0,108.0,31.0,36.0,11.7,3.21,13.6,103.7%,139.0,144.0,672.0,65.0,24.6,7.7,3.3,5.7,57.6,0.0,0.0,0.0,1.1,2.0,55.5,2.6,4.5,7.1,0.6,0.6,1.0,0.7,1.0
2010.0,"Favors, Derrick",PF,80.75,245.2,26.4,0.065,88.0,110.0,31.5,35.5,11.74,3.25,14.0,109.0%,141.5,145.5,678.0,78.0,19.7,6.8,2.8,5.3,51.7,0.0,0.0,0.0,1.3,2.2,59.5,2.2,3.1,5.3,0.5,0.4,0.9,1.0,1.0
2010.0,"George, Paul",SF,79.75,214.4,23.7,0.05,83.25,107.0,29.7,34.8,11.308,3.2600000000000002,4.0,104.4%,134.1,139.2,677.0,61.0,20.7,7.8,2.9,6.5,45.3,0.7,2.3,29.7,1.3,1.7,76.2,0.6,3.1,3.7,1.1,1.0,0.4,1.1,1.0
2010.0,"Harangody, Luke",PF,78.0,240.2,27.8,0.111,81.5,106.0,24.0,28.5,11.83,3.41,23.0,104.5%,130.0,134.5,687.0,49.0,13.1,3.9,1.6,4.2,38.3,0.3,1.3,24.2,0.4,0.5,73.1,0.8,2.1,2.9,0.6,0.3,0.3,0.3,0.0
2010.0,"Harris, Manny",SG,76.0,185.1,22.5,0.038,79.25,102.0,30.0,34.8,11.138,3.196,11.0,104.3%,130.0,134.8,682.0,54.0,17.3,5.9,2.0,5.4,37.4,0.6,1.7,37.0,1.3,1.7,76.3,0.7,1.9,2.6,1.6,0.6,0.1,1.2,0.0
2010.0,"Hayward, Gordon",SF,78.75,211.0,23.9,0.069,79.75,103.0,30.5,34.5,11.73,3.22,10.0,101.3%,133.5,137.5,683.0,72.0,16.9,5.4,2.0,4.1,48.5,0.5,1.0,47.3,1.0,1.3,71.1,0.6,1.4,1.9,1.1,0.4,0.3,1.0,1.0
2010.0,"Hayward, Lazar",SG-SF,76.5,225.8,27.1,0.075,84.75,102.0,31.0,36.0,10.87,3.31,15.0,110.8%,133.0,138.0,691.0,42.0,10.0,3.8,1.3,3.7,35.7,0.4,1.4,28.3,0.8,1.0,78.6,0.5,1.1,1.7,0.7,0.3,0.2,0.5,0.0
2010.0,"Johnson, Armon",PG-SG,74.0,195.2,25.1,0.056,80.0,99.5,31.5,38.5,11.25,3.19,18.0,108.1%,131.0,138.0,694.0,38.0,7.3,2.9,1.2,2.7,45.5,0.1,0.3,41.7,0.3,0.6,59.1,0.3,0.7,0.9,1.2,0.1,0.0,1.0,0.0
2010.0,"Johnson, Wesley",SF,78.25,206.4,23.7,0.046,85.0,106.0,32.0,37.0,11.43,3.14,16.0,108.6%,138.0,143.0,671.0,79.0,26.2,9.0,3.4,8.6,39.7,1.3,3.7,35.6,0.8,1.2,69.6,0.6,2.4,3.0,1.9,0.7,0.7,1.2,1.0
2010.0,"Monroe, Greg",PF-C,81.75,246.6,25.9,0.112,86.25,108.5,25.0,29.0,12.1,3.35,15.0,105.5%,133.5,137.5,670.0,80.0,27.8,9.4,3.8,6.9,55.1,0.0,0.0,0.0,1.8,2.9,62.2,3.1,4.4,7.5,1.3,1.2,0.6,1.0,1.0
2010.0,"Patterson, Patrick",PF,80.0,239.6,26.3,0.053,85.25,107.0,28.5,33.5,11.14,3.25,17.0,106.6%,135.5,140.5,684.0,52.0,16.7,6.3,2.9,5.1,55.8,0.0,0.0,0.0,0.6,0.8,71.4,1.7,2.2,3.8,0.8,0.3,0.7,0.6,1.0
2010.0,"Sanders, Larry",PF-C,81.25,222.4,23.7,0.046,89.75,112.0,25.5,28.0,12.49,3.27,7.0,110.5%,137.5,140.0,686.0,60.0,14.5,4.3,1.9,4.5,43.3,0.0,0.0,0.0,0.5,0.8,56.0,1.0,2.0,3.0,0.3,0.4,1.2,0.6,1.0
2010.0,"Turner, Evan",SG,77.75,213.8,24.9,0.086,80.0,103.5,27.5,34.5,11.06,3.27,9.0,102.9%,131.0,138.0,674.0,78.0,23.0,7.2,2.9,6.8,42.5,0.2,0.6,31.8,1.3,1.6,80.8,0.5,3.4,3.9,2.0,0.6,0.2,1.0,1.0
2010.0,"Udoh, Ekpe",PF,80.75,237.4,25.6,0.08,88.5,106.5,31.0,33.5,11.15,3.29,10.0,109.6%,137.5,140.0,681.0,58.0,17.8,4.1,1.7,3.8,43.7,0.0,0.0,0.0,0.7,1.1,65.6,1.4,1.7,3.1,0.7,0.4,1.5,0.8,1.0
2010.0,"Wall, John",PG,74.75,195.6,24.6,0.056,81.25,101.5,30.0,39.0,10.84,3.14,9.0,108.7%,131.5,140.5,667.0,69.0,37.8,16.4,5.8,14.1,40.9,0.5,1.7,29.6,4.4,5.7,76.6,0.5,4.1,4.6,8.3,1.8,0.5,3.8,1.0
2009.0,"Ayres, Jeff",PF,80.75,239.6,25.8,0.055,85.0,107.0,31.0,35.0,11.98,3.14,15.0,105.3%,138.0,142.0,728.0,39.0,10.4,2.7,1.1,1.7,66.2,0.0,0.0,0.0,0.5,0.5,90.0,0.6,1.9,2.5,0.0,0.2,0.4,0.3,1.0
2009.0,"Blair, DeJuan",PF,77.25,276.6,32.6,0.12,86.0,106.5,26.0,33.0,11.5,3.45,18.0,111.3%,132.5,139.5,714.0,82.0,18.2,7.8,3.4,6.0,55.6,0.0,0.0,0.0,1.1,2.0,54.7,2.4,4.0,6.4,0.8,0.6,0.5,1.4,1.0
2009.0,"Brown, Derrick",SF-PF,79.5,224.6,25.0,0.086,86.5,107.5,30.5,35.5,11.26,3.13,20.0,108.8%,138.0,143.0,730.0,57.0,9.4,3.3,1.2,2.6,46.3,0.0,0.1,28.6,0.8,1.3,66.7,0.5,0.8,1.4,0.3,0.4,0.2,0.3,0.0
2009.0,"Budinger, Chase",SF-SG,78.25,206.4,23.7,0.1,79.0,101.0,29.5,38.5,11.08,3.24,10.0,101.0%,130.5,139.5,712.0,74.0,20.1,8.9,3.4,7.6,44.1,1.2,3.4,36.9,0.9,1.2,77.0,0.5,2.5,3.0,1.2,0.5,0.1,0.7,1.0
2009.0,"Carroll, DeMarre",PF-SF,78.25,207.2,23.8,0.063,82.0,105.0,28.0,32.7,11.53,3.278,14.6,104.8%,135.1,139.8,727.0,71.0,11.2,2.9,1.2,3.1,39.6,0.0,0.1,0.0,0.5,0.7,62.3,0.7,1.4,2.1,0.5,0.4,0.1,0.3,1.0
2009.0,"Christmas, Dionte",SG,76.25,210.8,25.5,0.071,81.0,102.5,27.0,33.5,10.83,3.21,3.0,106.2%,129.5,136.0,584.0,31.0,6.4,2.3,0.7,2.0,35.5,0.3,1.0,29.0,0.6,0.8,75.0,0.4,0.8,1.2,0.3,0.1,0.1,0.2,0.0
2009.0,"Clark, Earl",SF-PF,80.5,228.4,24.8,0.052,86.5,109.5,28.5,33.0,11.17,3.35,5.0,107.5%,138.0,142.5,734.0,51.0,7.5,2.7,1.1,3.0,37.1,0.0,0.1,40.0,0.5,0.7,72.2,0.4,0.9,1.2,0.4,0.1,0.3,0.5,1.0
2009.0,"Collison, Darren",PG,72.25,166.2,22.4,0.057,75.0,96.5,30.5,33.5,10.45,3.1,9.0,103.8%,127.0,130.0,702.0,76.0,27.8,12.4,4.9,10.4,47.7,0.6,1.5,40.0,1.9,2.3,85.1,0.5,2.0,2.5,5.7,1.0,0.1,2.7,1.0
2009.0,"Cunningham, Dante",PF,79.0,227.4,25.6,0.048,83.0,106.5,28.0,35.0,11.18,3.26,18.0,105.1%,134.5,141.5,726.0,63.0,11.2,3.9,1.7,3.4,49.5,0.0,0.0,0.0,0.5,0.8,64.6,0.9,1.7,2.5,0.2,0.4,0.3,0.2,1.0
2009.0,"Curry, Stephen",PG-SG,74.0,181.0,23.2,0.057,75.5,97.0,29.5,35.5,11.07,3.28,10.0,102.0%,126.5,132.5,698.0,80.0,36.2,17.5,6.6,14.3,46.2,2.1,4.8,43.7,2.2,2.5,88.5,0.6,3.9,4.5,5.9,1.9,0.2,3.0,1.0
2009.0,"Daye, Austin",SF-PF,81.75,191.8,20.2,0.055,86.75,110.0,25.0,28.0,12.11,3.55,0.0,106.1%,135.0,138.0,721.0,69.0,13.3,5.1,2.0,4.3,46.4,0.4,1.4,30.5,0.7,0.8,82.1,0.5,2.0,2.5,0.5,0.4,0.4,0.7,1.0
2009.0,"DeRozan, DeMar",SG-SF,77.5,211.2,24.7,0.049,81.0,102.5,29.0,38.5,11.88,3.31,5.0,104.5%,131.5,141.0,710.0,77.0,21.6,8.6,3.3,6.6,49.8,0.1,0.2,25.0,1.9,2.5,76.3,0.9,2.0,2.9,0.7,0.6,0.2,0.8,1.0
2009.0,"Douglas, Toney",PG,73.0,183.4,24.2,0.052,78.0,97.5,28.0,32.5,10.63,3.03,15.0,106.8%,125.5,130.0,713.0,56.0,19.4,8.6,3.2,7.0,45.8,1.2,3.1,38.9,1.0,1.2,80.9,0.7,1.2,1.9,2.0,0.8,0.1,1.0,1.0
2009.0,"Ellington, Wayne",SG,76.25,202.4,24.5,0.055,78.5,100.0,31.5,38.0,11.14,3.2,13.0,103.0%,131.5,138.0,715.0,76.0,18.2,6.6,2.5,5.9,42.4,0.8,2.1,39.5,0.8,0.9,87.1,0.4,1.7,2.1,1.0,0.3,0.1,1.0,1.0
2009.0,"Evans, Tyreke",PG-SG,76.0,220.6,26.8,0.071,83.25,104.0,28.5,34.0,11.81,3.17,7.0,109.5%,132.5,138.0,697.0,72.0,37.2,20.1,7.4,16.2,45.8,0.5,2.0,25.5,4.8,6.5,74.8,0.9,4.4,5.3,5.8,1.5,0.4,3.0,1.0
2009.0,"Flynn, Jonny",PG,71.25,195.6,27.1,0.063,76.0,95.5,33.0,40.0,10.86,3.23,10.0,106.7%,128.5,135.5,701.0,81.0,28.9,13.5,4.9,11.8,41.7,1.0,2.7,35.8,2.8,3.3,82.6,0.3,2.1,2.4,4.4,1.0,0.0,2.9,0.0
2009.0,"Gibson, Taj",PF,80.5,214.4,23.3,0.066,88.0,109.0,25.5,30.0,11.56,3.41,12.0,109.3%,134.5,139.0,703.0,82.0,26.9,9.0,3.8,7.7,49.4,0.0,0.0,0.0,1.4,2.1,64.6,2.8,4.7,7.5,0.9,0.6,1.3,1.4,1.0
2009.0,"Griffin, Blake",PF,80.5,248.4,26.9,0.082,83.25,105.0,32.0,35.5,10.95,3.28,22.0,103.4%,137.0,140.5,666.0,82.0,38.0,22.5,8.5,16.8,50.6,0.1,0.3,29.2,5.4,8.5,64.2,3.3,8.8,12.1,3.8,0.8,0.6,2.7,1.0
2009.0,"Harden, James",SG,76.0,222.0,27.0,0.101,82.75,103.5,31.5,37.0,11.1,3.13,17.0,108.9%,135.0,140.5,707.0,76.0,22.9,9.9,3.1,7.6,40.3,1.2,3.3,37.5,2.6,3.2,80.8,0.6,2.6,3.2,1.8,1.1,0.3,1.4,1.0
2009.0,"Henderson, Gerald",SG-SF,76.0,214.6,26.1,0.044,82.25,102.5,31.5,35.0,11.17,3.14,8.0,108.2%,134.0,137.5,732.0,43.0,8.3,2.6,0.9,2.4,35.6,0.1,0.4,21.1,0.8,1.1,74.5,0.3,0.9,1.3,0.3,0.2,0.2,0.3,1.0
2009.0,"Henderson, Gerald",SG-SF,76.0,214.6,26.1,0.044,82.25,102.5,31.5,35.0,11.17,3.14,8.0,108.2%,134.0,137.5,733.0,43.0,8.3,2.6,0.9,2.4,35.6,0.1,0.4,21.1,0.8,1.1,74.5,0.3,0.9,1.3,0.3,0.2,0.2,0.3,1.0
2009.0,"Hill, Jordan",PF-C,81.25,232.4,24.7,0.06,85.5,108.0,31.0,35.0,12.23,3.3,11.0,105.2%,139.0,143.0,720.0,47.0,13.3,5.2,2.1,4.3,49.3,0.0,0.0,0.0,1.0,1.4,67.6,1.6,2.1,3.7,0.4,0.3,0.5,0.6,1.0
2009.0,"Holiday, Jrue",PG-SG,75.25,199.0,24.7,0.063,79.0,100.5,28.5,34.0,10.64,3.21,6.0,105.0%,129.0,134.5,706.0,73.0,24.2,8.0,3.2,7.1,44.2,0.8,2.2,39.0,0.9,1.2,75.6,0.8,1.8,2.6,3.8,1.1,0.3,2.1,1.0
2009.0,"Johnson, James",SF-PF,79.0,257.2,29.0,0.12,84.75,105.5,30.5,35.0,11.21,3.23,18.0,107.3%,136.0,140.5,565.0,68.0,14.4,5.3,1.9,3.5,54.2,0.0,0.0,0.0,1.5,2.5,59.4,1.6,3.0,4.5,0.6,0.1,1.1,1.0,1.0
2009.0,"Johnson, James",SF-PF,79.0,257.2,29.0,0.12,84.75,105.5,30.5,35.0,11.21,3.23,18.0,107.3%,136.0,140.5,566.0,65.0,11.6,3.9,1.5,3.2,45.2,0.2,0.7,32.6,0.8,1.1,72.9,0.5,1.4,2.0,0.7,0.3,0.7,0.9,1.0
2009.0,"Lawson, Ty",PG,71.25,196.6,27.2,0.066,72.75,94.5,29.0,36.5,10.98,3.12,14.0,102.1%,123.5,131.0,711.0,65.0,20.3,8.3,3.1,6.0,51.5,0.5,1.3,41.0,1.6,2.2,75.7,0.6,1.3,1.9,3.1,0.7,0.0,1.3,1.0
2009.0,"Maynor, Eric",PG,74.25,163.6,20.9,0.054,74.5,97.0,28.5,31.5,10.78,3.19,8.0,100.3%,125.5,128.5,717.0,81.0,15.7,4.7,1.9,4.5,41.8,0.3,0.9,31.0,0.6,0.9,72.2,0.3,1.3,1.6,3.3,0.5,0.1,1.1,1.0
2009.0,"Meeks, Jodie",SG,75.0,211.4,26.4,0.08,76.5,98.0,28.5,37.0,10.96,3.1,14.0,102.0%,126.5,135.0,725.0,60.0,12.0,4.7,1.7,4.5,38.8,0.7,2.2,31.8,0.5,0.7,79.5,0.1,1.5,1.6,0.7,0.3,0.1,0.4,1.0
2009.0,"Price, A.J.",PG,72.5,192.8,25.8,0.124,75.75,97.0,26.0,31.0,10.99,3.22,11.0,104.5%,123.0,128.0,718.0,56.0,15.4,7.3,2.6,6.3,41.0,1.1,3.1,34.5,1.1,1.3,80.0,0.2,1.4,1.6,1.9,0.6,0.1,1.1,1.0
2009.0,"Summers, DaJuan",SF,79.25,243.0,27.2,0.066,84.75,106.5,29.5,34.5,10.94,3.17,15.0,106.9%,136.0,141.0,731.0,44.0,9.2,3.0,1.0,3.0,35.4,0.3,1.0,35.7,0.6,0.9,71.1,0.3,0.7,1.0,0.4,0.2,0.2,0.4,0.0
2009.0,"Teague, Jeff",PG,72.25,175.2,23.6,0.045,79.5,98.5,30.5,36.5,11.05,3.18,13.0,110.0%,129.0,135.0,729.0,71.0,10.1,3.2,1.3,3.2,39.6,0.1,0.5,21.9,0.6,0.7,83.7,0.1,0.9,0.9,1.7,0.5,0.1,0.7,1.0
2009.0,"Williams, Terrence",SG-SF,77.0,213.2,25.3,0.051,81.0,103.5,30.5,37.0,11.15,3.18,9.0,105.2%,134.0,140.5,708.0,78.0,22.6,8.4,3.3,8.3,40.1,0.4,1.3,31.0,1.3,1.8,71.5,0.6,3.9,4.5,2.9,0.6,0.1,1.6,0.0
2009.0,"Young, Sam",SF-SG,77.25,222.8,26.2,0.049,82.75,105.5,27.5,33.0,11.47,3.45,11.0,107.1%,133.0,138.5,716.0,80.0,16.5,7.4,2.8,6.2,45.1,0.1,0.7,19.6,1.7,2.2,77.7,1.0,1.6,2.5,0.7,0.4,0.3,1.2,0.0
2008.0,"Arthur, Darrell",PF,79.5,216.0,24.0,0.073,82.75,107.0,28.5,30.0,12.18,3.14,12.0,104.1%,135.5,137.0,756.0,76.0,19.3,5.6,2.5,5.7,43.8,0.0,0.0,0.0,0.5,0.8,66.7,1.4,3.1,4.6,0.6,0.7,0.7,0.6,1.0
2008.0,"Augustin, D.J.",PG,70.0,171.5,24.6,0.081,75.5,94.5,28.5,35.0,11.27,3.07,2.0,107.9%,123.0,129.5,746.0,72.0,26.5,11.8,3.7,8.6,43.0,1.5,3.4,43.9,2.9,3.2,89.3,0.2,1.6,1.8,3.5,0.6,0.0,1.6,1.0
2008.0,"Bayless, Jerryd",PG-SG,73.75,204.0,26.4,0.047,75.5,97.0,31.0,38.0,11.26,3.07,10.0,102.4%,128.0,135.0,766.0,53.0,12.4,4.3,1.3,3.6,36.5,0.1,0.5,25.9,1.6,1.9,80.6,0.2,0.9,1.1,1.5,0.3,0.0,1.1,1.0
2008.0,"Beasley, Michael",PF-SF,79.0,239.0,26.9,0.077,84.25,107.0,30.0,35.0,11.06,3.24,19.0,106.6%,137.0,142.0,750.0,81.0,24.8,13.9,5.6,11.8,47.2,0.4,1.0,40.7,2.3,3.0,77.2,1.4,4.1,5.4,1.0,0.5,0.5,1.5,1.0
2008.0,"Gordon, Eric",SG,74.0,222.0,28.5,0.082,81.0,99.0,32.0,40.0,10.81,3.01,15.0,109.5%,131.0,139.0,741.0,78.0,34.3,16.1,5.3,11.6,45.6,1.7,4.3,38.9,3.8,4.5,85.4,0.6,2.0,2.6,2.8,1.0,0.5,2.1,1.0
2008.0,"Hill, George",PG,73.25,181.0,23.7,0.03,81.0,97.5,34.0,37.5,12.2,3.07,9.0,110.6%,131.5,135.0,757.0,77.0,16.5,5.7,1.9,4.8,40.3,0.3,0.9,32.9,1.5,1.9,78.1,0.4,1.7,2.1,1.8,0.6,0.3,1.0,1.0
2008.0,"Hudson, Lester",PG,71.75,196.0,26.8,0.034,80.75,98.5,30.5,36.0,11.15,3.16,12.0,112.5%,129.0,134.5,738.0,25.0,5.2,2.3,0.8,2.1,39.6,0.2,0.6,31.3,0.4,0.5,84.6,0.3,0.4,0.7,0.5,0.3,0.1,0.6,0.0
2008.0,"Jackson, Darnell",PF,79.0,240.5,27.1,0.125,83.25,106.5,27.0,31.0,11.75,3.26,11.0,105.4%,133.5,137.5,774.0,51.0,8.4,1.9,0.7,1.7,43.0,0.0,0.0,0.0,0.5,0.7,68.6,0.6,1.1,1.7,0.2,0.2,0.1,0.3,0.0
2008.0,"Jordan, DeAndre",C,81.75,250.0,26.3,0.075,90.0,113.5,26.0,30.5,12.3,3.27,8.0,110.1%,139.5,144.0,761.0,53.0,14.5,4.3,1.8,2.8,63.3,0.0,0.0,0.0,0.8,2.1,38.5,1.4,3.1,4.5,0.2,0.2,1.1,0.8,1.0
2008.0,"Lopez, Brook",C,83.25,258.0,26.2,0.063,89.5,113.0,27.5,30.5,12.77,3.57,7.0,107.5%,140.5,143.5,744.0,82.0,30.5,13.0,5.5,10.3,53.1,0.0,0.0,0.0,2.1,2.6,79.3,2.7,5.4,8.1,1.0,0.5,1.8,1.8,1.0
2008.0,"Love, Kevin",PF,79.75,255.0,28.2,0.129,83.25,106.0,29.5,35.0,11.17,3.22,18.0,104.4%,135.5,141.0,748.0,81.0,25.3,11.1,3.9,8.5,45.9,0.0,0.2,10.5,3.3,4.1,78.9,3.4,5.7,9.1,1.0,0.4,0.6,1.5,1.0
2008.0,"Mayo, O.J.",SG-PG,75.25,200.0,24.8,0.063,78.0,99.5,30.5,41.0,11.04,3.14,7.0,103.7%,130.0,140.5,739.0,82.0,38.0,18.5,6.9,15.6,43.8,1.8,4.6,38.4,3.0,3.4,87.9,0.7,3.1,3.8,3.2,1.1,0.2,2.8,1.0
2008.0,"McGee, JaVale",C-PF,83.0,241.0,24.6,0.053,90.0,114.5,27.0,32.5,12.75,3.25,7.0,108.4%,141.5,147.0,759.0,75.0,15.2,6.5,2.5,5.2,49.4,0.0,0.0,0.0,1.4,2.2,66.0,1.6,2.3,3.9,0.3,0.4,1.0,0.8,1.0
2008.0,"Pargo, Jeremy",PG,72.5,208.0,27.8,0.076,77.0,96.0,32.0,37.0,10.65,3.07,7.0,106.2%,128.0,133.0,662.0,44.0,9.6,2.9,1.1,3.4,33.3,0.2,0.9,26.3,0.4,0.6,59.3,0.3,0.6,0.8,1.3,0.3,0.0,1.1,0.0
2008.0,"Roberts, Brian",PG,72.25,173.0,23.3,0.036,73.25,95.0,31.5,36.5,10.65,3.05,10.0,101.4%,126.5,131.5,602.0,78.0,17.0,7.1,2.7,6.6,41.7,0.8,2.0,38.6,0.9,1.0,90.9,0.2,1.0,1.2,2.8,0.5,0.0,0.9,1.0
2008.0,"Rose, Derrick",PG,73.5,196.0,25.5,0.046,80.0,98.5,34.5,40.0,11.69,3.05,10.0,108.8%,133.0,138.5,740.0,81.0,37.0,16.8,7.1,14.9,47.5,0.2,0.9,22.2,2.4,3.1,78.8,1.2,2.7,3.9,6.3,0.8,0.2,2.5,1.0
2008.0,"Singletary, Sean",PG,71.0,183.8,25.6,0.042,76.5,95.0,26.0,36.9,11.42,3.17,18.0,107.7%,121.0,133.6,775.0,37.0,8.2,2.4,0.8,2.3,36.5,0.3,0.7,40.0,0.5,0.6,85.7,0.3,0.7,0.9,0.8,0.3,0.0,0.6,0.0
2008.0,"Taylor, Mike",SG-PG,72.75,166.2,22.1,0.038,79.25,98.0,31.0,39.0,10.98,3.08,2.0,108.9%,129.0,137.0,760.0,51.0,15.1,5.7,2.2,5.2,41.2,0.3,0.8,32.5,1.1,1.6,69.1,0.4,1.3,1.7,2.1,0.7,0.0,1.4,0.0
2008.0,"Westbrook, Russell",PG,74.25,192.0,24.5,0.048,79.75,100.0,30.0,36.5,10.98,3.08,12.0,107.4%,130.0,136.5,742.0,82.0,32.5,15.3,5.3,13.4,39.8,0.4,1.6,27.1,4.3,5.2,81.5,2.2,2.7,4.9,5.3,1.3,0.2,3.3,1.0
2008.0,"Williams, Reggie",SG,75.25,199.0,24.7,0.053,81.25,103.0,31.5,36.5,11.32,3.07,15.0,108.0%,134.5,139.5,242.0,35.0,24.5,10.4,4.3,12.2,35.6,0.4,1.7,22.4,1.4,1.9,72.7,1.6,1.8,3.4,1.7,0.8,0.6,1.8,1.0
2008.0,"Williams, Reggie",SG,75.25,199.0,24.7,0.053,81.25,103.0,31.5,36.5,11.32,3.07,15.0,108.0%,134.5,139.5,243.0,35.0,24.5,10.4,4.3,12.2,35.6,0.4,1.7,22.4,1.4,1.9,72.7,1.6,1.8,3.4,1.7,0.8,0.6,1.8,1.0
2007.0,"Brewer, Corey",SF-SG,78.0,185.0,21.4,0.042,80.25,103.0,30.5,36.5,11.69,3.22,11.0,102.9%,133.5,139.5,783.0,79.0,22.8,5.8,2.3,6.2,37.4,0.1,0.5,19.4,1.1,1.4,80.0,1.0,2.7,3.7,1.4,1.0,0.3,1.1,1.0
2007.0,"Brooks, Aaron",PG,70.0,161.0,23.1,0.027,76.0,94.0,32.5,39.5,10.57,3.2,6.0,108.6%,126.5,133.5,799.0,51.0,11.9,5.2,1.8,4.4,41.3,0.7,2.1,33.0,0.8,1.0,85.7,0.3,0.8,1.1,1.7,0.3,0.1,0.9,1.0
2007.0,"Brown, Bobby",PG,71.0,170.0,23.7,0.066,76.0,95.5,32.5,41.0,11.27,3.25,3.0,107.0%,128.0,136.5,763.0,68.0,13.7,5.3,2.1,5.3,39.2,0.7,1.9,34.6,0.5,0.6,79.1,0.2,0.6,0.8,1.7,0.3,0.0,0.9,0.0
2007.0,"Conley, Mike",PG,71.0,175.0,24.4,0.042,77.75,94.5,35.5,40.5,11.63,3.09,13.0,109.5%,130.0,135.0,780.0,53.0,26.1,9.4,3.6,8.3,42.8,0.6,1.7,33.0,1.7,2.3,73.2,0.4,2.2,2.6,4.2,0.8,0.0,1.7,1.0
2007.0,"Cook, Daequan",SG,75.0,203.0,25.4,0.07,80.25,101.5,30.0,34.5,11.12,3.22,4.0,107.0%,131.5,136.0,782.0,59.0,24.4,8.8,3.3,8.7,38.1,1.3,4.0,33.2,0.8,1.0,82.5,0.3,2.7,3.0,1.3,0.4,0.1,1.1,1.0
2007.0,"Crittenton, Javaris",PG,75.0,194.0,24.2,0.045,77.5,98.0,32.5,38.0,11.6,3.32,11.0,103.3%,130.5,136.0,796.0,50.0,13.6,5.6,2.0,4.7,42.1,0.2,0.7,27.0,1.4,2.1,69.2,0.5,1.7,2.2,1.0,0.4,0.0,1.1,0.0
2007.0,"Davidson, Jermareo",PF,81.0,230.0,24.6,0.069,88.0,109.5,27.0,30.0,12.63,3.53,7.0,108.6%,136.5,139.5,807.0,38.0,8.5,3.2,1.3,3.3,40.8,0.0,0.0,0.0,0.5,0.7,64.3,0.6,1.1,1.6,0.3,0.2,0.4,0.5,0.0
2007.0,"Dudley, Jared",SF,77.0,219.0,26.0,0.071,79.0,102.0,28.0,32.0,11.32,3.45,14.0,102.6%,130.0,134.0,788.0,73.0,19.0,5.8,2.2,4.8,46.8,0.1,0.6,22.0,1.2,1.6,73.7,1.7,2.3,3.9,1.1,0.8,0.1,0.7,1.0
2007.0,"Durant, Kevin",SF-PF,81.0,215.0,23.0,0.066,88.75,110.0,26.0,33.5,12.33,3.45,0.0,109.6%,136.0,143.5,776.0,80.0,34.6,20.3,7.3,17.1,43.0,0.7,2.6,28.8,4.9,5.6,87.3,0.9,3.5,4.3,2.4,1.0,0.9,2.9,1.0
2007.0,"Gray, Aaron",C,84.0,271.0,27.0,0.108,87.25,108.5,27.0,32.5,12.07,3.7,17.0,103.9%,135.5,141.0,804.0,61.0,10.0,4.3,1.7,3.3,50.5,0.0,0.0,0.0,0.9,1.6,56.6,1.1,1.6,2.8,0.7,0.3,0.3,0.9,1.0
2007.0,"Green, Jeff",SF,79.0,228.0,25.7,0.037,85.25,103.0,33.5,38.0,12.0,3.34,17.0,107.9%,136.5,141.0,777.0,80.0,28.2,10.5,4.0,9.4,42.7,0.3,1.0,27.6,2.2,3.0,74.4,1.3,3.5,4.7,1.5,0.6,0.6,2.0,1.0
2007.0,"Hawes, Spencer",PF,82.0,244.0,25.5,0.13,84.5,110.0,26.0,29.0,11.88,3.51,9.0,103.0%,136.0,139.0,797.0,71.0,13.1,4.7,2.1,4.5,45.9,0.1,0.3,19.0,0.5,0.8,65.5,1.0,2.3,3.2,0.6,0.2,0.6,0.8,1.0
2007.0,"Landry, Carl",PF,79.0,248.0,27.9,0.075,83.0,102.5,31.5,36.5,11.35,3.29,21.0,105.1%,134.0,139.0,791.0,42.0,16.9,8.1,3.2,5.2,61.6,0.0,0.0,0.0,1.7,2.6,66.1,2.3,2.6,4.9,0.5,0.4,0.2,0.6,1.0
2007.0,"Law, Acie",PG,74.0,186.0,23.9,0.056,78.5,98.0,29.0,34.0,11.0,3.22,8.0,106.1%,127.0,132.0,792.0,56.0,15.4,4.2,1.7,4.2,40.1,0.1,0.6,20.6,0.7,0.9,79.2,0.2,0.8,1.0,2.0,0.5,0.0,1.0,0.0
2007.0,"McGuire, Dominic",SF,79.0,220.0,24.8,0.047,82.5,104.0,28.5,34.5,10.95,3.25,12.0,104.4%,132.5,138.5,805.0,70.0,9.9,1.3,0.6,1.5,37.9,0.0,0.1,16.7,0.2,0.5,43.8,0.8,1.2,2.0,0.6,0.3,0.4,0.6,1.0
2007.0,"Nichols, Demetris",SF,78.0,211.0,24.4,0.062,84.25,105.0,28.5,32.5,10.39,3.38,16.0,108.0%,133.5,137.5,809.0,14.0,3.1,1.1,0.4,1.6,26.1,0.2,0.9,23.1,0.0,0.0,0.0,0.0,0.4,0.4,0.1,0.0,0.2,0.3,0.0
2007.0,"Noah, Joakim",PF,82.0,223.0,23.3,0.048,85.25,106.5,32.5,37.5,11.79,3.47,12.0,104.0%,139.0,144.0,785.0,74.0,20.7,6.6,2.4,5.0,48.2,0.0,0.0,0.0,1.8,2.6,69.1,2.4,3.3,5.6,1.1,0.9,0.9,1.2,1.0
2007.0,"Oden, Greg",C,83.0,257.0,26.2,0.078,88.25,112.0,32.0,34.0,11.67,3.27,10.2,106.3%,144.0,146.0,753.0,61.0,21.5,8.9,3.2,5.8,56.4,0.0,0.0,0.0,2.4,3.7,63.7,2.8,4.2,7.0,0.5,0.4,1.1,1.4,0.0
2007.0,"Richard, Chris",PF,79.0,252.0,28.4,0.075,88.5,110.5,26.5,30.5,11.39,3.29,15.0,112.0%,137.0,141.0,802.0,52.0,10.7,1.9,0.8,1.7,47.1,0.0,0.0,0.0,0.3,0.5,59.3,1.0,1.6,2.6,0.3,0.2,0.2,0.5,0.0
2007.0,"Shakur, Mustafa",PG,75.0,185.0,23.1,0.041,77.5,99.0,28.5,35.0,11.82,3.27,11.0,103.3%,127.5,134.0,695.0,22.0,7.2,2.3,1.0,2.7,35.6,0.0,0.5,10.0,0.4,0.7,53.3,0.3,0.7,1.0,1.1,0.2,0.1,0.8,0.0
2007.0,"Smith, Jason",PF,82.75,233.0,23.9,0.075,82.75,106.0,33.5,37.5,10.96,3.29,15.0,100.0%,139.5,143.5,794.0,76.0,14.6,4.5,1.9,4.1,45.5,0.1,0.2,28.6,0.7,1.1,65.9,1.0,2.0,3.0,0.3,0.3,0.7,0.6,1.0
2007.0,"Stuckey, Rodney",SG-PG,75.75,207.0,25.4,0.061,79.25,100.5,30.5,35.0,11.34,3.11,14.0,104.6%,131.0,135.5,787.0,57.0,19.0,7.6,2.7,6.7,40.1,0.1,0.3,18.8,2.2,2.7,81.4,0.6,1.7,2.3,2.8,0.9,0.1,1.4,1.0
2007.0,"Thornton, Al",SF,77.75,221.0,25.7,0.058,85.0,104.0,35.0,41.0,11.96,3.16,9.0,109.3%,139.0,145.0,779.0,79.0,27.3,12.7,4.7,11.0,42.9,0.5,1.6,33.1,2.7,3.6,74.3,1.2,3.3,4.5,1.2,0.6,0.5,1.6,0.0
2007.0,"Tolliver, Anthony",PF,79.0,242.0,27.3,0.057,86.5,107.5,28.5,30.0,11.49,3.29,21.0,109.5%,136.0,137.5,771.0,19.0,10.9,2.7,1.0,3.4,29.2,0.5,2.2,22.0,0.3,0.5,50.0,0.6,1.5,2.2,0.9,0.3,0.1,0.4,1.0
2007.0,"Wright, Brandan",PF,80.75,200.0,21.6,0.058,87.75,108.5,30.5,35.5,11.76,3.31,2.0,108.7%,139.0,144.0,806.0,38.0,9.9,4.0,1.6,2.9,55.4,0.0,0.0,0.0,0.7,1.1,67.5,1.0,1.6,2.6,0.2,0.2,0.6,0.3,1.0
2007.0,"Wright, Julian",SF-PF,78.5,211.0,24.1,0.061,86.25,108.0,28.5,33.5,11.48,3.36,2.0,109.9%,136.5,141.5,801.0,57.0,11.2,3.9,1.6,3.0,53.3,0.2,0.4,41.7,0.6,0.9,63.5,0.6,1.5,2.1,0.7,0.5,0.2,0.6,0.0
2007.0,"Young, Nick",SG-SF,77.0,206.0,24.4,0.068,84.0,100.5,39.5,40.5,11.0,3.25,6.0,109.1%,140.0,141.0,793.0,75.0,15.4,7.5,2.8,6.4,43.9,0.5,1.3,40.0,1.3,1.7,81.5,0.3,1.2,1.5,0.8,0.5,0.1,1.3,1.0
2007.0,"Young, Thaddeus",SF,77.75,210.0,24.4,0.049,83.5,106.0,34.5,37.0,11.06,3.19,13.0,107.4%,140.5,143.0,784.0,74.0,21.0,8.2,3.6,6.6,53.9,0.1,0.3,31.6,1.0,1.4,73.8,1.6,2.6,4.2,0.8,1.0,0.1,0.9,1.0
2006.0,"Aldridge, LaMarcus",PF-C,82.0,234.0,24.5,0.087,88.75,110.0,26.5,34.0,12.02,3.43,8.0,108.2%,136.5,144.0,816.0,63.0,22.1,9.0,3.8,7.6,50.3,0.0,0.0,0.0,1.3,1.8,72.2,2.3,2.7,5.0,0.4,0.3,1.2,0.7,1.0
2006.0,"Armstrong, Hilton",C-PF,81.5,240.0,25.4,0.063,88.0,109.0,28.5,31.5,12.28,3.53,13.0,108.0%,137.5,140.5,841.0,56.0,11.3,3.1,1.2,2.2,54.4,0.0,0.0,0.0,0.7,1.2,59.7,1.0,1.6,2.7,0.2,0.2,0.5,0.6,1.0
2006.0,"Balkman, Renaldo",SF-PF,77.25,206.0,24.3,0.049,85.0,104.5,30.5,35.0,11.58,3.22,9.0,110.0%,135.0,139.5,826.0,68.0,15.6,4.9,2.0,4.0,50.5,0.1,0.4,18.5,0.8,1.3,56.7,1.4,2.9,4.3,0.6,0.8,0.7,0.7,1.0
2006.0,"Brewer, Ronnie",SG-PG,77.75,223.0,25.9,0.05,83.25,103.5,35.0,41.0,11.32,3.14,19.0,107.1%,138.5,144.5,837.0,56.0,12.1,4.6,1.8,3.4,52.8,0.0,0.2,0.0,1.0,1.5,67.5,0.7,0.7,1.3,0.4,0.7,0.1,0.4,1.0
2006.0,"Carney, Rodney",SG-SF,76.5,204.0,24.5,0.053,82.0,103.5,32.0,38.5,10.57,3.06,10.0,107.2%,135.5,142.0,822.0,67.0,17.4,6.6,2.7,5.9,46.4,0.4,1.1,34.7,0.8,1.3,60.9,0.6,1.3,1.9,0.4,0.6,0.3,0.6,1.0
2006.0,"Collins, Mardy",PG-SG,76.25,224.0,27.1,0.1,82.0,103.0,31.5,37.5,12.0,3.27,9.0,107.5%,134.5,140.5,830.0,52.0,14.9,4.5,1.7,4.4,38.2,0.3,0.9,27.7,0.9,1.6,58.5,0.5,1.5,2.0,1.6,0.6,0.1,1.1,0.0
2006.0,"Farmar, Jordan",PG,72.75,171.0,22.7,0.044,75.0,94.5,33.5,42.0,11.07,3.17,11.0,103.1%,128.0,136.5,828.0,72.0,15.1,4.4,1.7,4.1,42.2,0.6,1.9,32.8,0.4,0.5,71.1,0.3,1.3,1.7,1.9,0.6,0.1,1.0,1.0
2006.0,"Foye, Randy",SG-PG,74.25,212.0,27.0,0.1,78.25,97.0,32.0,38.0,10.53,3.23,14.0,105.4%,129.0,135.0,815.0,82.0,22.9,10.1,3.7,8.4,43.4,0.8,2.3,36.8,2.0,2.3,85.4,0.6,2.1,2.7,2.8,0.7,0.3,1.9,1.0
2006.0,"Gay, Rudy",SF-PF,79.0,222.0,25.0,0.057,87.0,107.5,33.0,40.5,11.03,3.32,9.0,110.1%,140.5,148.0,813.0,78.0,27.0,10.8,4.1,9.7,42.2,0.7,1.8,36.4,1.9,2.7,72.7,1.2,3.3,4.5,1.3,0.9,0.9,1.8,1.0
2006.0,"Jones, Bobby",SF-SG,77.75,211.0,24.5,0.08,81.5,101.5,28.5,34.5,11.23,3.28,15.0,104.8%,130.0,136.0,848.0,44.0,7.6,2.5,1.0,2.1,46.2,0.0,0.2,11.1,0.5,0.9,56.1,0.5,0.8,1.3,0.4,0.3,0.0,0.4,1.0
2006.0,"Jones, Bobby",SF-SG,77.75,211.0,24.5,0.08,81.5,101.5,28.5,34.5,11.23,3.28,15.0,104.8%,130.0,136.0,849.0,44.0,7.6,2.5,1.0,2.1,46.2,0.0,0.2,11.1,0.5,0.9,56.1,0.5,0.8,1.3,0.4,0.3,0.0,0.4,0.0
2006.0,"Jones, Solomon",PF-C,80.5,224.0,24.3,0.074,88.75,109.0,32.0,39.0,11.27,3.3,6.0,110.2%,141.0,148.0,839.0,58.0,11.5,3.3,1.1,2.2,50.8,0.0,0.0,0.0,1.0,1.3,78.7,0.8,1.5,2.3,0.2,0.2,0.7,0.4,1.0
2006.0,"Kinsey, Tarence",SF-SG,76.75,179.0,21.4,0.041,78.75,100.5,29.0,35.5,10.67,3.3,5.0,102.6%,129.5,136.0,817.0,48.0,20.1,7.7,2.9,6.3,45.7,0.3,1.0,28.3,1.6,2.0,79.6,0.6,1.4,2.0,0.9,1.1,0.0,1.0,0.0
2006.0,"Millsap, Paul",PF,78.25,258.0,29.6,0.097,85.5,105.5,28.5,32.5,11.67,3.3,15.0,109.3%,134.0,138.0,821.0,82.0,18.0,6.8,2.5,4.9,52.5,0.0,0.0,33.3,1.7,2.5,67.3,2.2,2.9,5.2,0.8,0.8,0.9,1.1,1.0
2006.0,"Morrison, Adam",SF,78.5,198.0,22.6,0.068,82.0,105.0,25.5,30.5,11.46,3.37,11.0,104.5%,130.5,135.5,812.0,78.0,29.8,11.8,4.6,12.1,37.6,1.1,3.3,33.7,1.5,2.2,71.0,0.7,2.3,2.9,2.1,0.4,0.1,1.7,0.0
2006.0,"Noel, David",SF-SG,76.5,223.0,26.8,0.061,81.5,100.0,34.5,38.5,10.54,3.07,20.0,106.5%,134.5,138.5,838.0,68.0,11.6,2.7,1.0,2.6,36.7,0.3,0.8,32.1,0.5,0.6,86.0,0.6,1.2,1.8,1.0,0.4,0.1,0.6,0.0
2006.0,"Novak, Steve",SF,80.0,216.0,23.7,0.081,81.5,103.0,24.5,31.0,11.11,3.37,5.0,101.9%,127.5,134.0,851.0,35.0,5.5,1.5,0.5,1.4,36.0,0.4,1.1,33.3,0.1,0.1,100.0,0.1,0.6,0.7,0.2,0.1,0.0,0.1,1.0
2006.0,"Quinn, Chris",PG-SG,72.5,175.0,23.4,0.059,77.0,94.0,32.0,37.0,11.25,3.25,7.0,106.2%,126.0,131.0,844.0,42.0,9.7,3.4,1.1,3.1,36.6,0.5,1.4,35.1,0.6,0.9,67.6,0.1,0.6,0.7,1.5,0.4,0.0,0.5,1.0
2006.0,"Ray, Allan",SG,73.0,204.0,26.9,0.098,80.5,99.5,28.5,35.5,11.01,3.2,9.0,110.3%,128.0,135.0,829.0,47.0,15.1,6.2,2.1,5.5,38.6,1.0,2.5,41.4,0.9,1.2,76.4,0.4,1.1,1.5,0.9,0.4,0.1,0.9,0.0
2006.0,"Redick, JJ",SG,76.0,190.0,23.1,0.07,75.25,97.5,27.5,33.0,10.94,3.29,6.0,99.0%,125.0,130.5,831.0,42.0,14.8,6.0,1.9,4.6,41.0,0.9,2.3,38.8,1.3,1.4,90.0,0.2,1.0,1.2,0.9,0.3,0.0,0.5,1.0
2006.0,"Roy, Brandon",SG-SF,77.25,207.0,24.4,0.076,80.0,101.0,34.0,40.5,11.13,3.27,6.0,103.6%,135.0,141.5,811.0,57.0,35.4,16.8,6.1,13.4,45.6,1.0,2.6,37.7,3.5,4.2,83.8,1.0,3.4,4.4,4.0,1.2,0.2,2.0,1.0
2006.0,"Simmons, Cedric",PF-C,80.25,223.0,24.3,0.056,88.25,108.5,30.5,35.0,11.05,3.31,15.0,110.0%,139.0,143.5,834.0,43.0,12.4,2.9,1.3,3.1,41.7,0.0,0.0,0.0,0.4,0.8,48.5,1.0,1.5,2.5,0.3,0.2,0.5,0.5,0.0
2006.0,"Smith, Craig",PF,77.5,259.0,30.3,0.122,81.5,103.5,30.0,29.5,11.59,3.4,12.8,105.2%,133.5,133.0,819.0,82.0,18.7,7.4,3.0,5.6,53.1,0.0,0.1,0.0,1.4,2.3,62.4,1.8,3.3,5.1,0.6,0.6,0.2,0.9,1.0
2006.0,"Smith, Steven",SF-PF,79.5,238.0,26.5,0.078,84.5,104.0,29.5,34.5,12.08,3.4,15.0,106.3%,133.5,138.5,23.0,61.0,29.6,12.0,4.9,10.7,45.4,0.7,2.0,32.0,1.6,2.1,74.8,1.3,1.8,3.1,4.6,1.0,0.3,2.5,0.0
2006.0,"Thomas, Tyrus",PF-SF,79.25,217.0,24.3,0.056,87.0,108.0,34.0,39.5,11.36,3.2,8.0,109.8%,142.0,147.5,832.0,72.0,13.4,5.2,1.9,3.9,47.5,0.0,0.0,0.0,1.5,2.4,60.6,1.2,2.5,3.7,0.6,0.6,1.1,1.3,1.0
2006.0,"Watson, CJ",PG,72.5,171.0,22.9,0.052,78.0,96.0,31.5,34.0,11.61,3.15,12.0,107.6%,127.5,130.0,800.0,32.0,11.5,3.7,1.3,3.2,42.6,0.3,0.8,34.6,0.7,0.9,79.3,0.4,0.6,1.0,1.1,0.5,0.0,0.6,1.0
2006.0,"Williams, Eric",C-PF,79.25,285.0,31.9,0.13,88.25,106.5,28.5,29.0,11.71,3.56,17.0,111.4%,135.0,135.5,1200.0,64.0,23.0,10.7,3.8,8.5,44.1,0.0,0.2,30.0,3.1,4.7,67.1,1.4,2.0,3.4,1.1,0.9,0.2,1.4,1.0
2006.0,"Williams, Marcus",PG,74.0,215.0,27.6,0.124,79.0,97.5,24.5,28.0,11.3,3.4,4.0,106.8%,122.0,125.5,823.0,79.0,16.6,6.8,2.6,6.7,39.5,0.6,2.1,28.2,0.9,1.1,84.7,0.4,1.7,2.1,3.3,0.4,0.0,1.8,0.0
2006.0,"Williams, Marcus",PG,74.0,215.0,27.6,0.124,79.0,97.5,24.5,28.0,11.3,3.4,4.0,106.8%,122.0,125.5,824.0,79.0,16.6,6.8,2.6,6.7,39.5,0.6,2.1,28.2,0.9,1.1,84.7,0.4,1.7,2.1,3.3,0.4,0.0,1.8,0.0
2006.0,"Williams, Shawne",SF-PF,79.25,227.0,25.4,0.08,87.0,104.0,32.0,31.0,10.69,3.3,12.2,109.8%,136.0,135.0,836.0,46.0,12.1,3.9,1.6,3.5,46.9,0.4,1.1,36.5,0.2,0.4,55.0,0.7,1.1,1.8,0.5,0.1,0.2,0.5,1.0
2006.0,"Williams, Shelden",PF-C,79.5,258.0,28.7,0.114,88.25,104.0,29.0,33.5,11.53,3.59,25.0,111.0%,133.0,137.5,820.0,81.0,18.7,5.5,2.0,4.5,45.5,0.0,0.0,50.0,1.4,1.8,76.4,1.6,3.8,5.4,0.5,0.6,0.5,1.2,1.0
2005.0,"Anderson, Alan",SG-SF,76.5,223.2,26.8,0.07680000000000001,81.5,104.0,26.5,30.5,10.32,3.27,10.0,106.5%,130.5,134.5,872.0,36.0,15.7,5.8,2.1,5.0,41.4,0.7,1.6,41.4,0.9,1.1,80.5,0.6,1.3,1.9,0.9,0.3,0.1,0.9,1.0
2005.0,"Brown, Dee",PG-SG,71.0,179.0,25.0,0.06960000000000001,74.0,94.0,32.0,38.8,11.474,3.2960000000000003,9.2,104.2%,134.6,141.4,71.0,82.0,23.7,8.7,3.5,7.5,46.4,0.1,0.4,20.6,1.7,1.9,87.3,0.5,1.7,2.2,4.2,1.0,0.2,1.7,0.0
2005.0,"Brown, Dee",PG-SG,71.0,179.0,25.0,0.06960000000000001,74.0,94.0,32.0,38.8,11.474,3.2960000000000003,9.2,104.2%,134.6,141.4,72.0,82.0,23.7,8.7,3.5,7.5,46.4,0.1,0.4,20.6,1.7,1.9,87.3,0.5,1.7,2.2,4.2,1.0,0.2,1.7,1.0
2005.0,"Brown, Dee",PG-SG,71.0,179.0,25.0,0.06760000000000001,74.0,94.0,31.8,38.2,11.386,3.304,9.2,104.2%,134.4,140.8,73.0,49.0,9.2,1.9,0.7,2.0,32.7,0.1,0.6,21.4,0.5,0.8,64.9,0.2,0.7,0.8,1.7,0.5,0.1,0.6,0.0
2005.0,"Brown, Dee",PG-SG,71.0,179.0,25.0,0.06760000000000001,74.0,94.0,31.8,38.2,11.386,3.304,9.2,104.2%,134.4,140.8,74.0,49.0,9.2,1.9,0.7,2.0,32.7,0.1,0.6,21.4,0.5,0.8,64.9,0.2,0.7,0.8,1.7,0.5,0.1,0.6,1.0
2005.0,"Diogu, Ike",PF,78.5,255.4,29.1,0.0992,87.5,109.0,28.0,31.0,11.94,3.45,21.0,111.5%,137.0,140.0,874.0,69.0,14.9,7.0,2.5,4.8,52.4,0.0,0.0,0.0,2.0,2.4,81.0,1.4,1.9,3.3,0.4,0.2,0.4,1.1,1.0
2005.0,"Ellis, Monta",SG-PG,74.25,176.6,22.5,0.06720000000000001,74.75,98.0,26.5,31.5,12.13,3.31,0.0,100.7%,124.5,129.5,867.0,49.0,18.1,6.8,2.7,6.5,41.5,0.6,1.7,34.1,0.9,1.2,71.2,0.4,1.7,2.1,1.6,0.7,0.2,1.2,1.0
2005.0,"Felton, Raymond",PG,71.5,199.4,27.4,0.091,76.25,98.0,29.0,33.5,10.5,3.06,6.0,106.6%,127.0,131.5,853.0,80.0,30.1,11.9,4.3,11.0,39.1,1.2,3.4,35.8,2.0,2.8,72.5,1.0,2.4,3.3,5.6,1.3,0.1,2.3,1.0
2005.0,"Frye, Channing",PF-C,81.5,243.6,25.8,0.08940000000000001,86.5,110.5,27.5,31.0,11.6,3.38,19.0,106.1%,138.0,141.5,859.0,65.0,24.2,12.3,4.7,9.8,47.7,0.0,0.1,33.3,2.9,3.5,82.5,2.1,3.6,5.8,0.8,0.5,0.7,1.5,1.0
2005.0,"Graham, Joey",SF,77.25,216.6,25.5,0.07100000000000001,80.0,104.0,30.0,36.0,10.62,3.05,26.0,103.6%,134.0,140.0,866.0,80.0,19.8,6.7,2.5,5.2,47.8,0.4,1.1,33.3,1.4,1.7,81.2,0.7,2.3,3.1,0.8,0.5,0.2,1.1,1.0
2005.0,"Granger, Danny",PG,79.5,225.4,25.1,0.07120000000000001,85.5,103.0,31.0,34.0,10.84,3.34,10.0,107.5%,134.0,137.0,860.0,78.0,22.6,7.5,2.8,6.1,46.2,0.4,1.2,32.3,1.5,1.9,77.7,1.7,3.2,4.9,1.2,0.7,0.8,1.0,1.0
2005.0,"Head, Luther",PG-SG,74.0,178.8,23.0,0.062,77.25,98.5,31.5,38.5,11.12,3.21,14.0,104.4%,130.0,137.0,855.0,80.0,28.9,8.8,3.2,7.9,40.3,1.4,3.9,36.1,1.1,1.5,69.9,0.4,2.9,3.3,2.7,1.1,0.1,1.5,1.0
2005.0,"Jack, Jarrett",PG,74.5,197.6,25.0,0.07600000000000001,79.5,100.0,26.0,28.5,10.87,3.24,5.0,106.7%,126.0,128.5,864.0,79.0,20.2,6.7,2.4,5.4,44.2,0.3,1.0,26.3,1.6,2.0,80.0,0.2,1.8,2.0,2.8,0.5,0.0,1.3,1.0
2005.0,"Lee, David",PF,79.75,229.5,25.4,0.06899999999999999,84.0,106.5,30.5,32.5,10.8,3.19,14.0,105.3%,137.0,139.0,870.0,67.0,16.9,5.1,2.0,3.4,59.6,0.0,0.0,0.0,1.1,1.8,57.7,1.6,2.9,4.5,0.6,0.5,0.3,0.8,1.0
2005.0,"Lee, David",PF,79.75,229.5,25.4,0.06899999999999999,84.0,106.5,30.5,32.5,10.8,3.19,14.0,105.3%,137.0,139.0,871.0,67.0,16.9,5.1,2.0,3.4,59.6,0.0,0.0,0.0,1.1,1.8,57.7,1.6,2.9,4.5,0.6,0.5,0.3,0.8,0.0
2005.0,"McCants, Rashad",SG,74.75,201.0,25.3,0.0734,82.75,103.5,32.5,34.5,10.39,3.11,15.0,110.7%,136.0,138.0,869.0,79.0,17.2,7.9,3.1,6.8,45.0,0.8,2.3,37.2,1.0,1.3,73.6,0.4,1.4,1.8,0.8,0.6,0.3,1.1,0.0
2005.0,"Paul, Chris",PG,71.75,178.0,24.3,0.0688,76.25,93.0,32.0,38.0,11.09,3.22,10.0,106.3%,125.0,131.0,852.0,78.0,36.0,16.1,5.2,12.1,43.0,0.6,2.3,28.2,5.1,6.0,84.7,0.8,4.3,5.1,7.8,2.2,0.1,2.4,1.0
2005.0,"Rush, Brandon",SG-SF,77.0,211.4,25.1,0.0718,83.25,104.5,32.5,35.0,11.33,3.31,0.0,108.1%,137.0,139.5,751.0,75.0,24.0,8.1,3.2,7.7,42.3,1.0,2.8,37.3,0.6,0.9,69.7,0.5,2.7,3.1,0.9,0.5,0.5,1.0,1.0
2005.0,"Simien, Wayne",PF,79.25,255.8,28.6,0.07780000000000001,84.0,107.0,27.0,27.5,11.05,3.35,11.0,106.0%,134.0,134.5,880.0,43.0,9.6,3.4,1.3,2.8,48.3,0.0,0.0,0.0,0.7,0.8,88.2,0.9,1.2,2.0,0.2,0.3,0.0,0.6,0.0
2005.0,"Villanueva, Charlie",PF-SF,81.0,236.6,25.4,0.0772,84.25,109.0,26.0,31.0,10.86,3.3,11.0,104.0%,135.0,140.0,854.0,81.0,29.1,13.0,5.4,11.6,46.3,0.9,2.6,32.7,1.4,2.0,70.6,2.2,4.2,6.4,1.1,0.7,0.8,1.2,1.0
2005.0,"Warrick, Hakim",PF-SF,79.25,215.0,24.1,0.07980000000000001,86.0,108.0,33.0,38.0,11.1,3.22,11.0,108.5%,141.0,146.0,879.0,68.0,10.6,4.1,1.5,3.4,44.3,0.0,0.0,0.0,1.1,1.7,66.1,0.6,1.5,2.1,0.4,0.2,0.3,0.8,1.0
2005.0,"Webster, Martell",SF,78.0,229.6,26.5,0.06760000000000001,83.0,106.0,28.0,30.5,11.39,3.39,7.0,106.4%,134.0,136.5,868.0,61.0,17.5,6.6,2.3,5.7,39.9,1.1,3.0,35.7,1.0,1.2,85.9,0.5,1.7,2.1,0.6,0.3,0.2,0.7,1.0
2005.0,"Williams, Deron",PG,73.75,202.4,26.2,0.067,78.25,98.0,30.0,35.0,10.83,3.25,15.0,106.1%,128.0,133.0,856.0,80.0,28.8,10.8,4.2,10.1,42.1,1.1,2.7,41.6,1.2,1.7,70.4,0.4,2.0,2.4,4.5,0.8,0.2,1.8,1.0
2005.0,"Williams, Marvin",PF-SF,79.0,228.2,25.7,0.07120000000000001,87.5,108.0,29.5,35.0,11.11,3.17,12.0,110.8%,137.5,143.0,858.0,79.0,24.7,8.5,3.0,6.7,44.3,0.2,0.7,24.5,2.4,3.2,74.7,1.5,3.3,4.8,0.8,0.6,0.3,1.1,1.0
2005.0,"Wright, Antoine",SF-SG,77.25,202.6,23.9,0.08,80.75,104.5,26.5,29.5,11.45,3.41,12.0,104.5%,131.0,134.0,881.0,39.0,9.5,1.8,0.7,2.1,35.8,0.0,0.4,6.7,0.3,0.6,50.0,0.2,0.6,0.8,0.3,0.1,0.1,0.5,1.0
2004.0,"Allen, Tony",SG,75.5,214.0,26.4,0.067,81.0,102.0,31.5,36.5,10.7,3.19,17.0,107.3%,133.5,138.5,905.0,77.0,16.4,6.4,2.4,5.0,47.5,0.2,0.4,38.7,1.5,2.0,73.7,1.1,1.8,2.9,0.8,1.0,0.3,1.0,1.0
2004.0,"Ariza, Trevor",SG-SF,79.0,201.0,22.6,0.08,86.0,107.5,29.5,32.0,11.63,3.29,8.0,108.9%,137.0,139.5,903.0,80.0,17.3,5.9,2.2,4.9,44.2,0.0,0.2,23.1,1.5,2.2,69.5,1.1,1.9,3.0,1.1,0.9,0.2,0.9,1.0
2004.0,"Barrett, Andre",PG,68.75,171.0,25.4,0.067,73.0,92.0,29.0,34.5,10.63,3.08,13.0,106.2%,121.0,126.5,914.0,38.0,12.7,3.1,1.2,3.3,36.3,0.4,1.4,26.9,0.4,0.5,73.7,0.3,0.8,1.1,1.8,0.5,0.0,0.7,0.0
2004.0,"Brown, Andre",PF-C,80.0,236.0,25.9,0.06,83.0,107.0,32.0,35.5,11.7,3.22,18.0,103.8%,139.0,142.5,850.0,38.0,7.1,2.4,1.1,1.9,56.8,0.0,0.0,0.0,0.2,0.4,60.0,0.7,1.3,1.9,0.1,0.2,0.1,0.8,0.0
2004.0,"Childress, Josh",SG-SF,77.75,196.0,22.8,0.093,83.0,105.0,29.0,36.0,11.95,3.38,11.0,106.8%,134.0,141.0,892.0,80.0,29.7,10.1,3.8,8.0,47.0,0.2,0.7,23.2,2.4,2.9,82.3,2.4,3.6,6.0,1.9,0.9,0.4,1.3,1.0
2004.0,"Duhon, Chris",PG,72.0,193.0,26.2,0.067,78.5,98.0,31.5,35.0,10.45,3.14,7.0,109.0%,129.5,133.0,894.0,82.0,26.5,5.9,2.1,6.0,35.2,1.1,3.2,35.5,0.6,0.8,73.1,0.3,2.3,2.6,4.9,1.0,0.0,1.4,1.0
2004.0,"Freije, Matt",SF-PF,80.25,234.0,25.5,0.108,85.0,108.5,29.5,31.0,11.15,3.25,13.0,105.9%,138.0,139.5,900.0,23.0,19.2,4.0,1.6,5.5,29.1,0.6,2.3,25.9,0.2,0.3,62.5,0.7,2.0,2.7,0.9,0.6,0.1,0.7,0.0
2004.0,"Gomes, Ryan",SF-PF,78.5,248.0,28.3,0.07819999999999999,86.0,106.5,26.5,30.5,12.49,3.24,9.0,109.6%,133.0,137.0,861.0,61.0,22.6,7.6,2.8,5.8,48.7,0.0,0.1,33.3,1.8,2.4,75.2,1.7,3.2,4.9,1.0,0.6,0.1,0.9,1.0
2004.0,"Harris, Devin",PG,73.75,170.0,22.0,0.053,79.5,98.5,30.5,37.0,11.03,3.19,5.0,107.8%,129.0,135.5,906.0,76.0,15.4,5.7,2.1,4.8,42.9,0.6,1.7,33.6,1.0,1.4,75.7,0.4,1.0,1.3,2.2,1.0,0.3,1.1,1.0
2004.0,"Howard, Dwight",PF-C,81.0,240.0,25.7,0.105,88.5,111.5,30.5,35.5,11.21,3.14,7.0,109.3%,142.0,147.0,891.0,82.0,32.6,12.0,4.3,8.3,52.0,0.0,0.0,0.0,3.4,5.0,67.1,3.5,6.5,10.0,0.9,0.9,1.7,2.0,1.0
2004.0,"Humphries, Kris",PF,80.25,238.0,26.0,0.067,84.5,106.5,29.5,36.0,11.33,3.2,22.0,105.3%,136.0,142.5,912.0,67.0,13.0,4.1,1.7,4.3,40.4,0.0,0.1,33.3,0.7,1.5,43.6,1.1,1.9,2.9,0.6,0.4,0.3,0.8,1.0
2004.0,"Iguodala, Andre",SG-SF,77.75,217.0,25.2,0.067,83.0,105.5,30.5,34.5,11.17,3.18,4.0,106.8%,136.0,140.0,890.0,82.0,32.8,9.0,3.3,6.7,49.3,0.6,1.7,33.1,1.9,2.6,74.3,1.1,4.6,5.7,3.0,1.7,0.6,1.7,1.0
2004.0,"Jefferson, Al",PF-SF,80.5,263.0,28.5,0.105,86.5,110.0,28.5,30.0,13.08,3.29,3.0,107.5%,138.5,140.0,908.0,71.0,14.8,6.7,2.7,5.2,52.8,0.0,0.0,0.0,1.2,1.9,63.0,1.7,2.7,4.4,0.3,0.3,0.8,0.9,1.0
2004.0,"Nelson, Jameer",PG,71.0,199.0,27.8,0.08,74.5,95.0,28.5,33.5,10.95,3.14,15.0,104.9%,123.5,128.5,897.0,79.0,20.4,8.7,3.6,7.9,45.5,0.6,1.8,31.2,0.9,1.4,68.2,0.7,1.8,2.4,3.0,1.0,0.0,1.5,1.0
2004.0,"Okafor, Emeka",C-PF,80.75,257.0,27.7,0.053,88.0,110.5,31.5,34.0,12.32,3.15,22.0,109.0%,142.0,144.5,889.0,73.0,35.6,15.1,6.1,13.7,44.7,0.0,0.0,0.0,2.9,4.7,60.9,3.8,7.1,10.9,0.9,0.8,1.7,1.7,1.0
2004.0,"Roberts, Lawrence",PF,79.5,233.0,25.9,0.093,81.5,106.5,27.5,33.0,12.52,3.3,18.0,102.5%,134.0,139.5,888.0,33.0,5.5,1.5,0.6,1.3,45.5,0.0,0.1,0.0,0.3,0.7,47.8,0.8,0.7,1.5,0.2,0.2,0.1,0.1,0.0
2004.0,"Robinson, Nate",PG,67.75,181.0,27.7,0.067,73.0,91.5,35.5,43.5,10.75,2.96,13.0,107.7%,127.0,135.0,862.0,72.0,21.4,9.3,3.2,7.8,40.7,0.8,2.0,39.7,2.1,2.8,75.2,0.8,1.5,2.3,2.0,0.8,0.0,1.6,1.0
2004.0,"Smith, J.R.",SG-SF,77.5,227.0,26.6,0.067,82.0,104.0,29.0,35.5,10.93,3.21,5.0,105.8%,133.0,139.5,895.0,76.0,24.5,10.3,3.9,9.8,39.4,1.1,3.7,28.8,1.5,2.1,68.9,0.5,1.5,2.0,1.9,0.7,0.1,1.4,1.0
2004.0,"Smith, Josh",SG-SF,79.0,221.0,24.9,0.067,84.0,106.5,32.5,39.5,11.43,3.24,12.0,106.3%,139.0,146.0,893.0,74.0,27.7,9.7,3.7,8.1,45.5,0.1,0.3,17.4,2.2,3.2,68.8,2.0,4.2,6.2,1.7,0.8,1.9,1.8,1.0
2004.0,"Snyder, Kirk",SG-SF,78.0,228.0,26.3,0.093,81.0,104.0,30.0,35.0,10.79,3.13,19.0,103.8%,134.0,139.0,910.0,68.0,13.3,5.0,1.8,4.8,37.2,0.4,1.3,35.3,0.9,1.4,66.7,0.7,1.0,1.8,0.5,0.4,0.3,0.8,0.0
2004.0,"Vroman, Jackson",PF-C,81.25,226.0,24.1,0.067,84.0,105.5,29.5,33.5,10.75,3.25,12.0,103.4%,135.0,139.0,907.0,46.0,15.3,4.6,1.8,4.3,41.2,0.0,0.1,0.0,1.0,1.6,64.0,1.4,2.4,3.8,0.9,0.5,0.4,1.4,0.0
2004.0,"West, Delonte",PG-SG,73.5,183.0,23.8,0.067,78.0,99.5,30.0,35.0,11.2,3.15,12.0,106.1%,129.5,134.5,913.0,39.0,13.0,4.5,1.7,4.0,42.6,0.6,1.7,35.8,0.5,0.7,70.4,0.4,1.3,1.7,1.4,0.5,0.2,0.6,1.0
2004.0,"Williams, Mike",SF,77.5,197.0,23.1,0.093,83.5,105.5,23.5,27.5,11.59,3.42,9.4,107.7%,129.0,133.0,178.0,21.0,4.9,0.7,0.3,0.9,33.3,0.0,0.0,0.0,0.1,0.3,50.0,0.2,0.9,1.1,0.1,0.1,0.3,0.1,0.0
2003.0,"Anthony, Carmelo",SF,78.25,233.0,26.8,0.08,84.0,105.5,30.5,33.5,11.4,3.15,7.0,107.3%,136.0,139.0,921.0,82.0,36.5,21.0,7.6,17.9,42.6,0.8,2.6,32.2,5.0,6.4,77.7,2.2,3.8,6.1,2.8,1.2,0.5,3.0,1.0
2003.0,"Bogans, Keith",SG,76.25,213.0,25.8,0.08,81.25,101.0,29.5,35.0,11.43,3.25,10.0,106.6%,130.5,136.0,927.0,73.0,24.5,6.8,2.5,6.2,40.3,0.9,2.6,35.8,0.9,1.4,63.1,1.5,2.9,4.3,1.3,0.6,0.1,1.0,1.0
2003.0,"Bonner, Matt",PF-SF,80.5,242.0,26.3,0.136,80.75,105.5,27.0,32.0,11.52,3.32,20.0,100.3%,132.5,137.5,901.0,82.0,18.9,7.2,3.0,5.6,53.3,0.5,1.1,42.4,0.7,0.9,78.9,1.3,2.2,3.5,0.6,0.5,0.2,0.5,1.0
2003.0,"Bosh, Chris",PF,82.25,225.0,23.4,0.08,87.5,109.0,30.5,33.0,11.8,3.3,9.0,106.4%,139.5,142.0,924.0,75.0,33.5,11.5,4.4,9.5,45.9,0.1,0.2,35.7,2.7,3.8,70.1,2.5,4.9,7.4,1.0,0.8,1.4,1.4,1.0
2003.0,"Carroll, Matt",SG-SF,77.0,207.0,24.5,0.067,78.5,98.5,29.0,33.5,11.11,3.35,13.0,101.9%,127.5,132.0,952.0,16.0,4.4,1.2,0.4,1.0,43.8,0.1,0.2,33.3,0.3,0.4,66.7,0.1,0.3,0.4,0.1,0.1,0.0,0.4,1.0
2003.0,"Collison, Nick",PF,80.75,255.0,27.5,0.17,85.5,108.0,28.0,33.0,11.62,3.28,8.0,105.9%,136.0,141.0,904.0,82.0,17.0,5.6,2.3,4.3,53.7,0.0,0.0,0.0,1.0,1.4,70.3,1.9,2.7,4.6,0.4,0.4,0.6,0.8,1.0
2003.0,"Cook, Brian",PF-SF,81.5,234.0,24.8,0.105,86.0,109.0,25.0,29.0,11.87,3.45,6.0,105.5%,134.0,138.0,943.0,35.0,12.6,4.4,1.9,4.0,47.5,0.0,0.1,0.0,0.6,0.8,75.0,0.9,2.0,2.9,0.6,0.5,0.5,0.5,1.0
2003.0,"Daniels, Marquis",SG-PG,77.25,198.0,23.3,0.04,82.0,103.5,30.5,35.0,11.62,3.25,6.0,106.1%,134.0,138.5,935.0,56.0,18.6,8.5,3.6,7.3,49.4,0.2,0.6,30.6,1.1,1.4,76.9,1.2,1.4,2.6,2.1,0.9,0.2,0.8,1.0
2003.0,"Dupree, Ronald",SF-SG,78.0,209.0,24.1,0.067,80.25,101.0,37.5,41.5,11.09,3.23,11.0,102.9%,138.5,142.5,933.0,47.0,19.0,6.2,2.4,6.0,39.4,0.1,0.2,44.4,1.4,2.2,62.9,1.2,2.4,3.6,1.2,0.7,0.4,1.1,1.0
2003.0,"Ford, T.J.",PG,71.0,162.0,22.6,0.067,71.5,93.5,32.5,39.5,11.45,3.2,0.0,100.7%,126.0,133.0,926.0,55.0,26.8,7.1,2.8,7.2,38.4,0.1,0.4,23.8,1.5,1.8,81.6,0.7,2.5,3.2,6.5,1.1,0.1,2.5,1.0
2003.0,"Green, Willie",SG-PG,74.5,201.0,25.5,0.08,79.25,100.0,28.5,28.5,11.86,3.19,13.0,106.4%,128.5,128.5,939.0,53.0,14.5,6.9,2.7,6.7,40.1,0.4,1.2,31.1,1.1,1.5,72.8,0.3,0.9,1.2,1.0,0.5,0.1,1.1,1.0
2003.0,"Hansen, Travis",SG,76.5,200.0,24.0,0.06,78.5,100.5,31.5,35.0,10.72,3.18,16.0,102.6%,132.0,135.5,944.0,41.0,12.4,3.0,1.1,3.2,35.4,0.2,0.7,30.0,0.5,0.7,81.5,0.7,1.0,1.7,0.5,0.2,0.2,0.4,0.0
2003.0,"Hinrich, Kirk",PG-SG,74.75,186.0,23.4,0.053,78.0,98.5,29.0,33.5,10.98,3.1,10.0,104.3%,127.5,132.0,922.0,76.0,35.6,12.0,4.2,10.8,38.6,1.9,4.9,39.0,1.8,2.2,80.4,0.6,2.9,3.4,6.8,1.3,0.3,2.7,1.0
2003.0,"Howard, Josh",SF-SG,77.25,202.0,23.8,0.06,86.0,105.5,33.0,36.5,10.89,3.09,4.0,111.3%,138.5,142.0,929.0,67.0,23.7,8.6,3.4,7.9,43.0,0.3,1.0,30.3,1.4,2.1,70.3,2.2,3.3,5.5,1.4,1.0,0.8,1.0,1.0
2003.0,"Hunter, Brandon",PF,78.5,266.0,30.3,0.08,86.75,105.5,32.5,35.0,11.13,3.21,25.0,110.5%,138.0,140.5,947.0,36.0,11.3,3.5,1.5,3.2,45.7,0.0,0.1,0.0,0.5,1.2,44.2,1.4,1.9,3.3,0.5,0.4,0.0,0.6,0.0
2003.0,"James, LeBron",SF-SG,79.25,245.0,27.4,0.067,84.25,106.3,29.7,33.8,11.242,3.2119999999999997,10.0,106.3%,134.9,139.0,920.0,79.0,39.5,20.9,7.9,18.9,41.7,0.8,2.7,29.0,4.4,5.8,75.4,1.3,4.2,5.5,5.9,1.6,0.7,3.5,1.0
2003.0,"Kaman, Chris",C-PF,83.5,252.0,25.4,0.163,83.75,110.5,23.5,30.5,11.33,3.37,15.0,100.3%,134.0,141.0,930.0,82.0,22.5,6.1,2.4,5.3,46.0,0.0,0.0,0.0,1.2,1.7,69.7,1.5,4.1,5.6,1.0,0.3,0.9,1.9,1.0
2003.0,"Kapono, Jason",SG-SF,78.5,215.0,24.5,0.117,78.5,102.0,23.5,30.0,11.04,3.38,8.0,100.0%,125.5,132.0,948.0,41.0,10.4,3.5,1.3,3.1,40.3,0.5,1.1,47.7,0.5,0.6,83.3,0.5,0.9,1.3,0.3,0.3,0.1,0.5,1.0
2003.0,"Korver, Kyle",SF,78.25,211.0,24.2,0.067,81.5,102.5,25.5,31.5,11.42,3.47,13.0,104.2%,128.0,134.0,945.0,74.0,11.9,4.5,1.6,4.4,35.2,1.1,2.8,39.1,0.3,0.3,79.2,0.4,1.1,1.5,0.5,0.3,0.1,0.6,1.0
2003.0,"Powell, Josh",PF-SF,80.0,227.0,24.9,0.08,85.0,107.5,32.5,38.5,11.72,3.2,15.0,106.3%,140.0,146.0,878.0,37.0,11.6,3.0,1.0,2.2,45.7,0.0,0.0,0.0,1.0,1.2,80.0,0.8,1.4,2.2,0.2,0.2,0.1,0.6,1.0
2003.0,"Ridnour, Luke",PG,73.0,167.0,22.0,0.053,75.0,95.5,26.0,32.5,11.0,3.28,0.0,102.7%,121.5,128.0,938.0,69.0,16.1,5.5,2.1,5.1,41.4,0.4,1.2,33.8,0.9,1.1,82.3,0.5,1.1,1.6,2.4,0.8,0.1,1.2,1.0
2003.0,"Wade, Dwyane",SG-SF,75.75,212.0,26.0,0.067,82.75,102.0,31.5,35.0,10.56,3.08,9.0,109.2%,133.5,137.0,923.0,61.0,34.9,16.2,6.1,13.1,46.5,0.3,0.9,30.2,3.8,5.1,74.7,1.4,2.7,4.0,4.5,1.4,0.6,3.2,1.0
2003.0,"Walton, Luke",SF-PF,79.75,235.0,26.0,0.093,80.5,104.0,28.0,31.6,11.504,3.3019999999999996,12.0,100.9%,132.0,137.5,949.0,72.0,10.1,2.4,0.9,2.1,42.5,0.2,0.5,33.3,0.4,0.6,70.5,0.5,1.2,1.8,1.6,0.4,0.1,0.6,1.0
2003.0,"West, David",PF-SF,80.25,226.0,24.7,0.08,88.25,108.3,28.5,31.5,12.18,3.43,11.0,110.0%,136.8,139.8,942.0,71.0,13.1,3.8,1.5,3.2,47.4,0.0,0.0,0.0,0.8,1.1,71.3,1.6,2.5,4.2,0.8,0.4,0.4,0.7,1.0
2003.0,"Williams, Mo",PG-SG,72.75,189.0,25.1,0.067,77.5,98.5,28.6,32.7,11.407999999999998,3.2439999999999998,3.0,106.5%,127.9,132.0,941.0,57.0,13.5,5.0,2.0,5.3,38.0,0.2,0.7,25.6,0.8,1.0,78.6,0.4,0.9,1.3,1.3,0.5,0.0,0.9,1.0
2002.0,"Barnes, Matt",SF,78.75,226.0,25.6,0.0726,81.0,96.5,35.5,40.5,10.68,3.28,11.0,102.9%,132.0,137.0,932.0,38.0,19.1,4.5,1.7,3.6,45.7,0.1,0.3,15.4,1.1,1.6,70.5,1.4,2.6,4.0,1.3,0.7,0.1,1.2,1.0
2002.0,"Baxter, Lonny",PF-C,78.25,264.0,30.3,0.11179999999999998,85.5,107.5,28.0,32.5,11.77,3.21,14.0,109.3%,135.5,140.0,979.0,55.0,12.4,4.8,1.7,3.7,46.6,0.0,0.0,0.0,1.3,1.9,68.0,1.2,1.8,3.0,0.3,0.2,0.4,0.8,0.0
2002.0,"Bremer, J.R.",SG-PG,73.25,188.0,24.6,0.06720000000000001,74.25,96.0,30.0,35.5,10.93,3.1,24.0,101.4%,126.0,131.5,962.0,64.0,23.5,8.3,2.7,7.3,36.9,1.6,4.5,35.3,1.3,1.7,76.6,0.3,2.0,2.3,2.6,0.6,0.1,0.9,0.0
2002.0,"Butler, Caron",SF-SG,77.25,222.0,26.2,0.0748,83.5,103.5,27.0,31.0,12.15,3.33,2.0,108.1%,130.5,134.5,953.0,78.0,36.6,15.4,5.5,13.2,41.6,0.4,1.4,31.8,4.0,4.8,82.4,1.7,3.4,5.1,2.7,1.8,0.4,2.5,1.0
2002.0,"Butler, Rasual",SF,78.75,198.0,22.4,0.05499999999999999,84.0,105.5,31.5,37.5,11.54,3.29,10.0,106.7%,137.0,143.0,966.0,72.0,21.0,7.5,2.9,7.9,36.2,0.7,2.4,29.2,1.1,1.4,73.1,0.4,2.2,2.6,1.3,0.3,0.6,1.1,1.0
2002.0,"Dunleavy, Mike",SF,80.0,230.0,25.3,0.072,81.0,106.0,24.5,29.0,11.55,3.3,11.0,101.3%,130.5,135.0,970.0,82.0,15.9,5.7,2.0,5.1,40.3,0.6,1.8,34.7,1.0,1.2,78.0,0.8,1.8,2.6,1.3,0.7,0.2,1.1,1.0
2002.0,"Dunleavy, Mike",SF,80.0,230.0,25.3,0.072,81.0,106.0,24.5,29.0,11.55,3.3,11.0,101.3%,130.5,135.0,971.0,82.0,15.9,5.7,2.0,5.1,40.3,0.6,1.8,34.7,1.0,1.2,78.0,0.8,1.8,2.6,1.3,0.7,0.2,1.1,1.0
2002.0,"Ely, Melvin",PF,81.0,240.0,25.7,0.1052,88.0,111.0,26.0,29.0,11.96,3.35,7.0,108.6%,137.0,140.0,975.0,52.0,15.4,4.5,1.8,3.6,49.5,0.0,0.0,0.0,1.0,1.4,70.3,1.2,2.1,3.3,0.3,0.2,0.6,1.0,1.0
2002.0,"Evans, Reggie",PF,79.5,250.0,27.8,0.10800000000000001,86.5,107.5,26.0,29.5,12.73,3.26,15.0,108.8%,133.5,137.0,967.0,67.0,20.4,3.2,1.0,2.1,47.1,0.0,0.0,0.0,1.2,2.3,51.9,2.5,4.1,6.6,0.5,0.6,0.2,0.8,1.0
2002.0,"Gooden, Drew",PF,80.75,227.0,24.5,0.08,84.5,106.5,29.0,33.0,11.81,3.19,13.0,104.6%,135.5,139.5,957.0,70.0,26.8,12.5,5.1,11.1,45.7,0.2,0.7,29.2,2.2,3.0,71.2,2.3,4.2,6.5,1.2,0.8,0.5,2.1,1.0
2002.0,"Greer, Lynn",PG,72.25,170.0,22.9,0.06240000000000001,73.0,94.5,29.5,36.5,11.24,3.16,12.0,101.0%,124.0,131.0,843.0,41.0,10.5,4.1,1.5,3.4,43.3,0.4,1.3,34.6,0.7,0.8,84.4,0.0,0.6,0.7,1.3,0.4,0.0,0.4,0.0
2002.0,"Haislip, Marcus",PF,80.5,221.0,24.0,0.07680000000000001,84.0,107.0,33.5,36.5,11.35,3.21,8.0,104.3%,140.5,143.5,983.0,39.0,11.3,4.1,1.7,3.9,43.1,0.1,0.3,25.0,0.7,1.0,68.4,0.5,0.8,1.4,0.2,0.2,0.5,0.5,0.0
2002.0,"Haslem, Udonis",PF,79.75,250.0,27.6,0.11699999999999999,83.0,107.0,28.5,33.5,11.8,3.31,22.0,104.1%,135.5,140.5,928.0,75.0,23.9,7.3,2.7,6.0,45.9,0.0,0.0,0.0,1.9,2.4,76.5,2.5,3.8,6.3,0.7,0.4,0.3,1.0,1.0
2002.0,"Humphrey, Ryan",PF-SF,78.0,223.0,25.8,0.08219999999999998,84.0,104.5,31.5,37.5,11.75,3.2,13.0,107.7%,136.0,142.0,987.0,48.0,9.3,1.9,0.7,2.5,29.2,0.0,0.0,0.0,0.5,0.8,59.0,0.7,1.4,2.1,0.2,0.2,0.4,0.5,0.0
2002.0,"Parker, Smush",PG-SG,74.5,179.0,22.7,0.056999999999999995,82.0,107.5,21.0,28.5,12.3,3.26,1.0,110.1%,128.5,136.0,968.0,66.0,16.7,6.2,2.1,5.1,40.2,0.6,1.8,32.2,1.5,1.8,83.1,0.4,1.4,1.8,2.5,0.7,0.2,2.0,1.0
2002.0,"Rush, Kareem",SG-SF,76.75,199.0,23.7,0.07339999999999999,81.75,103.5,26.0,30.0,11.86,3.22,15.0,106.5%,129.5,133.5,982.0,76.0,11.5,3.0,1.3,3.2,39.3,0.3,0.9,27.9,0.2,0.3,69.6,0.3,0.9,1.2,0.9,0.1,0.1,0.8,1.0
2002.0,"Salmons, John",SF-SG,77.5,207.0,24.2,0.055200000000000006,82.25,104.0,30.5,34.5,11.35,3.25,12.0,106.1%,134.5,138.5,988.0,64.0,7.9,2.1,0.8,1.8,41.4,0.2,0.5,32.3,0.4,0.5,74.3,0.3,0.7,0.9,0.7,0.3,0.1,0.5,1.0
2002.0,"Slay, Tamar",SF,78.75,203.0,23.0,0.0622,83.5,104.0,32.5,38.0,10.94,3.09,11.0,106.0%,136.5,142.0,989.0,36.0,7.6,2.6,1.1,2.9,37.9,0.2,0.7,28.0,0.2,0.3,70.0,0.2,0.6,0.9,0.4,0.4,0.1,0.6,0.0
2002.0,"Stoudemire, Amar'e",PF,80.5,233.0,25.3,0.0992,85.75,108.5,32.0,35.5,11.19,3.25,12.0,106.5%,140.5,144.0,955.0,82.0,31.3,13.5,4.8,10.1,47.2,0.0,0.1,20.0,3.9,5.9,66.1,3.0,5.7,8.8,1.0,0.8,1.1,2.3,1.0
2002.0,"Wagner, Dajuan",PG-SG,72.75,193.0,25.6,0.06180000000000001,74.0,99.0,28.0,35.0,12.03,3.22,16.0,101.7%,127.0,134.0,956.0,47.0,29.5,13.4,4.7,12.9,36.9,1.2,3.7,31.6,2.7,3.4,80.0,0.4,1.3,1.7,2.8,0.8,0.1,1.8,0.0
2002.0,"Wilcox, Chris",PF-C,80.25,218.0,23.8,0.07780000000000001,85.0,107.5,31.0,34.5,11.43,3.16,20.0,105.9%,138.5,142.0,984.0,46.0,10.4,3.7,1.6,3.0,52.1,0.0,0.0,0.0,0.5,1.1,50.0,0.7,1.6,2.3,0.5,0.1,0.3,0.6,1.0
2002.0,"Williams, Jay",PG,72.25,197.0,26.5,0.0658,75.5,97.0,28.5,36.0,10.34,3.09,10.0,104.5%,125.5,133.0,958.0,75.0,26.1,9.5,3.6,9.1,39.9,0.9,2.7,32.2,1.4,2.1,64.0,0.4,2.2,2.6,4.7,1.1,0.2,2.3,0.0
2002.0,"Woods, Qyntel",SF-SG,79.0,213.0,24.0,0.0682,82.0,105.0,33.5,34.5,11.94,3.23,2.0,103.8%,138.5,139.5,990.0,53.0,6.3,2.4,1.1,2.2,50.0,0.1,0.2,33.3,0.1,0.4,35.0,0.3,0.7,1.0,0.2,0.3,0.0,0.4,0.0
2002.0,"Yarbrough, Vincent",SF,77.5,202.0,23.6,0.06140000000000001,84.5,104.5,30.0,34.0,11.7,3.32,10.0,109.0%,134.5,138.5,965.0,59.0,23.4,6.9,2.8,7.3,39.3,0.4,1.3,26.9,0.8,1.1,79.0,0.6,2.1,2.7,2.2,1.0,0.6,1.4,0.0
2001.0,"Arenas, Gilbert",SG,74.25,199.0,25.4,0.053,81.5,99.5,31.5,36.0,11.145999999999999,3.25,12.0,109.8%,131.0,135.5,1001.0,47.0,24.6,10.9,3.7,8.2,45.3,0.8,2.4,34.5,2.6,3.4,77.5,0.9,1.9,2.8,3.7,1.5,0.2,2.1,1.0
2001.0,"Armstrong, Brandon",SG,75.5,188.0,23.2,0.093,81.5,99.5,30.0,37.0,10.91,3.2,6.0,107.9%,129.5,136.5,1024.0,35.0,5.6,1.8,0.8,2.4,31.8,0.1,0.5,29.4,0.1,0.3,50.0,0.3,0.2,0.5,0.2,0.2,0.0,0.2,0.0
2001.0,"Battier, Shane",SF-PF,80.25,229.0,25.0,0.093,82.5,105.0,29.5,33.0,10.95,3.3,12.0,102.8%,134.5,138.0,993.0,78.0,39.7,14.4,5.3,12.3,42.9,1.3,3.5,37.3,2.5,3.6,70.0,2.3,3.1,5.4,2.8,1.6,1.0,2.0,1.0
2001.0,"Brown, Kwame",PF-C,82.0,243.0,25.4,0.089,85.0,108.0,30.0,33.0,11.59,3.45,17.0,103.7%,138.0,141.0,1013.0,57.0,14.3,4.5,1.6,4.3,38.7,0.0,0.0,0.0,1.2,1.7,70.7,1.1,2.4,3.5,0.8,0.3,0.5,0.8,1.0
2001.0,"Chandler, Tyson",SF-PF,83.5,224.0,22.6,0.067,87.0,110.0,31.0,33.5,12.13,3.36,2.0,104.2%,141.0,143.5,1006.0,71.0,19.6,6.1,2.1,4.3,49.7,0.0,0.0,0.0,1.9,3.1,60.4,1.6,3.2,4.8,0.8,0.4,1.3,1.4,1.0
2001.0,"Collins, Jarron",C-PF,81.25,252.0,26.8,0.152,87.0,104.0,23.0,29.0,11.65,3.6,10.0,107.1%,127.0,133.0,1004.0,70.0,20.6,6.4,2.3,4.9,46.1,0.0,0.0,0.0,1.9,2.6,74.0,2.0,2.3,4.2,0.8,0.4,0.3,0.8,1.0
2001.0,"Collins, Jason",PF-C,82.25,251.0,26.1,0.129,88.5,110.0,25.5,28.5,12.1,3.54,8.0,107.6%,135.5,138.5,1007.0,77.0,18.3,4.5,1.5,3.6,42.1,0.0,0.0,50.0,1.5,2.1,70.1,1.7,2.2,3.9,1.1,0.4,0.6,0.9,1.0
2001.0,"Curry, Eddy",C,82.5,301.0,31.1,0.165,90.5,111.0,28.0,31.0,12.25,3.53,16.0,109.7%,139.0,142.0,1010.0,72.0,16.0,6.7,2.6,5.2,50.1,0.0,0.0,0.0,1.5,2.2,65.6,1.5,2.2,3.8,0.3,0.2,0.7,1.0,1.0
2001.0,"Ford, Alton",PF,80.25,271.0,29.6,0.08,82.5,102.5,34.5,36.5,11.7,3.16,21.0,102.8%,137.0,139.0,1020.0,53.0,8.5,3.1,1.2,2.2,51.7,0.0,0.0,0.0,0.8,1.1,73.7,0.6,1.4,2.0,0.1,0.1,0.1,0.6,0.0
2001.0,"Griffin, Eddie",PF-SF,81.25,222.0,23.6,0.04,87.0,110.0,26.5,33.0,11.77,3.21,3.0,107.1%,136.5,143.0,999.0,73.0,26.0,8.8,3.3,9.1,36.6,1.2,3.7,33.0,0.9,1.2,74.4,1.6,4.1,5.7,0.7,0.2,1.8,0.6,1.0
2001.0,"Hassell, Trenton",SG-SF,76.25,205.0,24.8,0.053,80.0,99.5,35.5,37.5,11.57,3.29,12.0,104.9%,135.0,137.0,997.0,78.0,28.7,8.7,3.4,8.1,42.5,0.8,2.1,36.4,1.1,1.5,76.3,0.8,2.4,3.3,2.2,0.7,0.6,1.3,1.0
2001.0,"Haywood, Brendan",C,83.75,266.0,26.7,0.129,90.5,113.5,27.0,28.5,12.87,3.5,17.0,108.1%,140.5,142.0,1005.0,62.0,20.4,5.1,1.8,3.6,49.3,0.0,0.0,0.0,1.6,2.6,60.6,2.3,2.9,5.2,0.5,0.3,1.5,0.8,1.0
2001.0,"Hunter, Steven",C-PF,82.25,224.0,23.3,0.053,88.0,108.0,30.5,38.5,11.99,3.15,11.0,107.0%,138.5,146.5,1018.0,53.0,9.7,3.6,1.3,2.8,45.6,0.0,0.0,0.0,1.0,1.8,58.5,0.8,1.1,1.8,0.1,0.1,0.8,0.3,1.0
2001.0,"Jefferson, Richard",SF,79.25,223.0,25.0,0.067,84.0,103.0,33.0,38.5,11.19,3.15,14.0,106.0%,136.0,141.5,1002.0,79.0,24.3,9.4,3.4,7.5,45.7,0.2,0.7,23.2,2.4,3.4,71.3,1.1,2.6,3.7,1.8,0.8,0.6,1.4,1.0
2001.0,"Johnson, Joe",SF-SG,78.75,226.0,25.6,0.067,81.0,105.0,32.5,36.5,12.05,3.4,12.0,102.9%,137.5,141.5,1000.0,77.0,24.9,7.5,3.3,7.6,43.0,0.5,1.7,29.2,0.5,0.7,77.4,1.0,2.4,3.3,2.3,0.8,0.3,0.9,1.0
2001.0,"Johnson, Ken",C,82.75,227.0,23.3,0.099,88.0,109.5,32.5,35.0,11.27,3.12,13.0,106.3%,142.0,144.5,338.0,64.0,12.7,4.1,1.8,3.3,52.8,0.0,0.0,0.0,0.6,1.3,43.5,1.4,2.4,3.8,0.3,0.2,0.3,0.9,0.0
2001.0,"Johnson, Ken",C,82.75,227.0,23.3,0.099,88.0,109.5,32.5,35.0,11.27,3.12,13.0,106.3%,142.0,144.5,339.0,64.0,12.7,4.1,1.8,3.3,52.8,0.0,0.0,0.0,0.6,1.3,43.5,1.4,2.4,3.8,0.3,0.2,0.3,0.9,0.0
2001.0,"Lampley, Sean",SF,77.5,213.0,24.9,0.08,81.25,101.0,36.0,40.0,11.06,3.12,12.0,104.8%,137.0,141.0,977.0,35.0,13.9,4.8,1.6,3.7,43.4,0.0,0.1,0.0,1.6,2.3,69.5,0.7,1.6,2.4,0.9,0.2,0.1,0.7,0.0
2001.0,"Moon, Jamario",SF,78.5,185.0,21.1,0.053,83.5,103.0,33.0,43.0,11.64,3.08,0.0,106.4%,136.0,146.0,778.0,78.0,27.8,8.5,3.6,7.4,48.5,0.5,1.6,32.8,0.8,1.1,74.1,1.2,5.0,6.2,1.2,1.0,1.4,0.7,1.0
2001.0,"Murphy, Troy",PF,81.75,230.0,24.2,0.117,83.0,105.5,28.5,34.5,11.22,3.43,11.0,101.5%,134.0,140.0,1008.0,82.0,17.7,5.9,2.2,5.2,42.1,0.0,0.1,33.3,1.5,1.9,77.6,1.2,2.7,3.9,0.9,0.4,0.3,1.0,1.0
2001.0,"Richardson, Jason",SF-SG,76.75,213.0,25.4,0.053,83.5,102.5,32.5,39.5,11.75,3.12,15.0,108.8%,135.0,142.0,994.0,80.0,32.9,14.4,5.8,13.6,42.6,1.0,3.1,33.3,1.8,2.6,67.1,1.6,2.7,4.3,3.0,1.3,0.4,2.0,1.0
2001.0,"Satterfield, Kenny",PG,73.0,176.0,23.2,0.067,76.5,98.0,28.5,33.0,12.05,3.2,3.0,104.8%,126.5,131.0,1011.0,36.0,15.6,5.3,2.0,5.5,36.7,0.2,0.8,25.9,1.0,1.3,78.3,0.5,1.0,1.4,3.0,0.9,0.0,1.5,0.0
2001.0,"Solomon, Will",PG-SG,71.75,172.0,23.5,0.04,81.5,99.5,28.5,35.0,11.3,3.22,4.0,113.6%,128.0,134.5,1014.0,62.0,14.1,5.2,1.8,5.3,34.1,0.7,2.6,28.4,0.8,1.2,67.1,0.2,0.9,1.1,1.5,0.6,0.1,1.0,0.0
2001.0,"Tinsley, Jamaal",PG,72.75,199.0,26.4,0.136,79.5,97.5,28.0,37.5,11.96,3.2,1.0,109.3%,125.5,135.0,995.0,80.0,30.5,9.4,3.6,9.5,38.0,0.5,2.2,24.0,1.6,2.3,70.4,1.0,2.8,3.7,8.1,1.7,0.5,3.4,1.0
2001.0,"Watson, Earl",PG,72.0,184.0,25.0,0.04,78.75,97.0,32.5,37.5,10.97,3.19,4.0,109.4%,129.5,134.5,1012.0,64.0,15.1,3.6,1.5,3.3,45.3,0.3,0.7,36.4,0.4,0.6,63.9,0.5,0.8,1.3,2.0,0.9,0.1,0.8,1.0
2001.0,"Woods, Loren",C-PF,84.75,246.0,24.1,0.093,89.5,113.0,24.5,28.0,11.83,3.48,10.0,105.6%,137.5,141.0,1019.0,60.0,8.6,1.8,0.6,1.6,34.4,0.0,0.0,0.0,0.7,1.0,73.3,0.8,1.3,2.0,0.4,0.3,0.6,0.6,1.0
2000.0,"Claxton, Speedy",PG,70.5,166.0,23.5,0.06920000000000001,72.0,94.5,36.0,42.5,10.48,3.06,6.0,102.1%,130.5,137.0,1003.0,67.0,22.8,7.2,2.7,6.7,40.0,0.1,0.5,12.1,1.7,2.0,83.8,0.7,1.7,2.4,3.0,1.4,0.1,1.4,1.0
2000.0,"Crawford, Jamal",PG-SG,76.5,175.0,21.0,0.05940000000000001,82.0,102.5,30.5,36.0,11.014000000000001,3.2640000000000002,0.0,107.2%,127.9,133.4,1041.0,61.0,17.2,4.6,1.8,5.0,35.2,0.7,1.9,35.0,0.4,0.6,79.4,0.1,1.3,1.5,2.3,0.7,0.2,1.4,1.0
2000.0,"El-Amin, Khalid",PG,69.0,200.0,29.5,0.059399999999999994,73.5,93.0,27.5,32.0,10.59,3.32,6.0,106.5%,120.5,125.0,1038.0,50.0,18.7,6.3,2.3,6.2,37.0,0.6,1.7,33.3,1.1,1.4,77.8,0.4,1.2,1.6,2.9,1.0,0.0,1.1,0.0
2000.0,"House, Eddie",SG-PG,71.75,176.5,24.1,0.05940000000000001,75.5,95.0,29.5,38.5,11.12,3.27,5.0,105.2%,124.5,133.5,1048.0,50.0,11.0,5.0,2.1,4.9,42.1,0.4,1.1,34.5,0.5,0.7,68.6,0.1,0.7,0.8,1.0,0.3,0.0,0.7,1.0
2000.0,"Madsen, Mark",PF,80.0,236.5,26.0,0.08199999999999999,84.5,104.5,30.5,33.5,12.12,3.46,13.0,105.6%,135.0,138.0,1053.0,70.0,9.2,2.0,0.8,1.6,48.7,0.0,0.0,100.0,0.4,0.5,70.3,1.1,1.1,2.2,0.3,0.1,0.1,0.4,1.0
2000.0,"Porter, Chris",SF-PF,77.5,214.0,25.0,0.0748,81.5,103.5,28.5,35.0,10.93,3.2,6.0,105.2%,132.0,138.5,1031.0,51.0,22.5,8.6,3.4,8.7,38.9,0.0,0.1,0.0,1.8,2.8,66.7,1.7,2.0,3.7,1.2,0.9,0.1,1.2,0.0
